tweet_id,username,text,tweet_date,hashtag,tweet_url,search_term,lat,long,region
1250917314129588225,J. Bussjaeger,"Yeah, my wife‚Äôs hospital closed their COvid floor

Now they are all just twiddling their thumbs",2020-04-16 22:41:43,[],https://twitter.com/Pinche_Gringos/status/1250917314129588225,COVID,39.7285,-121.8375,CHICO
1250917314129588225,J. Bussjaeger,"Yeah, my wife‚Äôs hospital closed their COvid floor

Now they are all just twiddling their thumbs",2020-04-16 22:41:43,[],https://twitter.com/Pinche_Gringos/status/1250917314129588225,COVID,39.7285,-121.8375,CHICO
1251660419254456322,Chivahermano Siempre Fiel,"A toda madre nos vamos de vacaciones a la playa por recomendaciones del sr de televicion azteca dice que   no ay
Covid ya son dos que juran que  es 
Mentira",2020-04-18 23:54:33,[],https://twitter.com/ChivahermanoSi5/status/1251660419254456322,COVID,39.7285,-121.8375,CHICO
1251660419254456322,Chivahermano Siempre Fiel,"A toda madre nos vamos de vacaciones a la playa por recomendaciones del sr de televicion azteca dice que   no ay
Covid ya son dos que juran que  es 
Mentira",2020-04-18 23:54:33,[],https://twitter.com/ChivahermanoSi5/status/1251660419254456322,COVID,39.7285,-121.8375,CHICO
1251278961532780545,Whaley Good Student,I will have so much to make up for when COVID-19 subsides,2020-04-17 22:38:46,[],https://twitter.com/anthro_andrew/status/1251278961532780545,COVID,39.7285,-121.8375,CHICO
1250979821364142080,Patrica Hopper,"Periwinkle Skies...
.
.
.
#HopperHalfAcre #paradiseca #paradisecity #mountainlife #camfiresurvivor #campfire2018 #covid #covid19 #coronavirus #coronavirus2020 #quarantine #quarintinelife #quarintinelife2020 @ Town‚Ä¶ https://www.instagram.com/p/B_ENnp0ghJE/?igshid=1ibd1s8r66so9¬†‚Ä¶",2020-04-17 02:50:06,"['HopperHalfAcre', 'paradiseca', 'paradisecity', 'mountainlife', 'camfiresurvivor', 'campfire2018', 'covid', 'covid19', 'coronavirus', 'coronavirus2020', 'quarantine', 'quarintinelife', 'quarintinelife2020']",https://twitter.com/tricalee3/status/1250979821364142080,COVID,39.7285,-121.8375,CHICO
1251278961532780545,Whaley Good Student,I will have so much to make up for when COVID-19 subsides,2020-04-17 22:38:46,[],https://twitter.com/anthro_andrew/status/1251278961532780545,COVID,39.7285,-121.8375,CHICO
1250979821364142080,Patrica Hopper,"Periwinkle Skies...
.
.
.
#HopperHalfAcre #paradiseca #paradisecity #mountainlife #camfiresurvivor #campfire2018 #covid #covid19 #coronavirus #coronavirus2020 #quarantine #quarintinelife #quarintinelife2020 @ Town‚Ä¶ https://www.instagram.com/p/B_ENnp0ghJE/?igshid=1ibd1s8r66so9¬†‚Ä¶",2020-04-17 02:50:06,"['HopperHalfAcre', 'paradiseca', 'paradisecity', 'mountainlife', 'camfiresurvivor', 'campfire2018', 'covid', 'covid19', 'coronavirus', 'coronavirus2020', 'quarantine', 'quarintinelife', 'quarintinelife2020']",https://twitter.com/tricalee3/status/1250979821364142080,COVID,39.7285,-121.8375,CHICO
1254503602350993408,nat,"Just because shops are opening and quarantine is being lifted little by little, don‚Äôt mean COVID-19 is going away. They just don‚Äôt wanna give people anymore money dummy‚Äôs",2020-04-26 20:12:21,[],https://twitter.com/Ayye_Nat/status/1254503602350993408,COVID,39.7285,-121.8375,CHICO
1254503602350993408,nat,"Just because shops are opening and quarantine is being lifted little by little, don‚Äôt mean COVID-19 is going away. They just don‚Äôt wanna give people anymore money dummy‚Äôs",2020-04-26 20:12:21,[],https://twitter.com/Ayye_Nat/status/1254503602350993408,COVID,39.7285,-121.8375,CHICO
1253764106382749696,Colusa County Office of Education,"The 2020 3+ Club Scholastic Recognition Day scheduled for Thursday, June 11 has been cancelled due to the COVID-19 situation. We look forward to continuing this tradition in 2021. pic.twitter.com/vYVSmXLMRe",2020-04-24 19:13:51,[],https://twitter.com/ColusaCOE/status/1253764106382749696,COVID,39.7285,-121.8375,CHICO
1253514645777772545,David Prest,@realDonaldTrump @DOJPH @GavinNewsom EBay based out of California supports black marketing sells when people are already struggling to pay bills and being scared to death by government officials on the covid 19 virus!! eBay support Price gouging makes me sick pic.twitter.com/80bNZ5THos,2020-04-24 02:42:35,[],https://twitter.com/DavidPrest2016/status/1253514645777772545,COVID,39.7285,-121.8375,CHICO
1253764106382749696,Colusa County Office of Education,"The 2020 3+ Club Scholastic Recognition Day scheduled for Thursday, June 11 has been cancelled due to the COVID-19 situation. We look forward to continuing this tradition in 2021. pic.twitter.com/vYVSmXLMRe",2020-04-24 19:13:51,[],https://twitter.com/ColusaCOE/status/1253764106382749696,COVID,39.7285,-121.8375,CHICO
1253514645777772545,David Prest,@realDonaldTrump @DOJPH @GavinNewsom EBay based out of California supports black marketing sells when people are already struggling to pay bills and being scared to death by government officials on the covid 19 virus!! eBay support Price gouging makes me sick pic.twitter.com/80bNZ5THos,2020-04-24 02:42:35,[],https://twitter.com/DavidPrest2016/status/1253514645777772545,COVID,39.7285,-121.8375,CHICO
1252660632371040257,Patrica Hopper,"Jumping in on that #homeschoollife!
.
.
.
#IggyPup #corona #covid #stayinghome #dogslife #dogpuzzles #dogsofinstagram @ Paradise, California https://www.instagram.com/p/B_QJ9uoApvW/?igshid=baie0dlmhku0¬†‚Ä¶",2020-04-21 18:09:02,"['homeschoollife', 'IggyPup', 'corona', 'covid', 'stayinghome', 'dogslife', 'dogpuzzles', 'dogsofinstagram']",https://twitter.com/tricalee3/status/1252660632371040257,COVID,39.7285,-121.8375,CHICO
1252429352517566464,John Sagers,"An update from yesterday: As of this morning, according to Action News Now, there are three NorCal counties with 0 confirmed cases of covid-19. Open then, Gavin. Be a humanitarian.",2020-04-21 02:50:01,[],https://twitter.com/JohnSagers8/status/1252429352517566464,COVID,39.7285,-121.8375,CHICO
1252660632371040257,Patrica Hopper,"Jumping in on that #homeschoollife!
.
.
.
#IggyPup #corona #covid #stayinghome #dogslife #dogpuzzles #dogsofinstagram @ Paradise, California https://www.instagram.com/p/B_QJ9uoApvW/?igshid=baie0dlmhku0¬†‚Ä¶",2020-04-21 18:09:02,"['homeschoollife', 'IggyPup', 'corona', 'covid', 'stayinghome', 'dogslife', 'dogpuzzles', 'dogsofinstagram']",https://twitter.com/tricalee3/status/1252660632371040257,COVID,39.7285,-121.8375,CHICO
1252429352517566464,John Sagers,"An update from yesterday: As of this morning, according to Action News Now, there are three NorCal counties with 0 confirmed cases of covid-19. Open then, Gavin. Be a humanitarian.",2020-04-21 02:50:01,[],https://twitter.com/JohnSagers8/status/1252429352517566464,COVID,39.7285,-121.8375,CHICO
1250141350487441408,Ruth Peitz,"We need a west coast @MSNBC 

I am really sick of the east coast interrupting west coast covid briefings.",2020-04-14 19:18:19,[],https://twitter.com/chicopeitz/status/1250141350487441408,COVID,39.7285,-121.8375,CHICO
1249960204457967616,Said In Wood,"Has anyone had to postpone their wedding due to Covid-19?? 

I miss wedding season :( 

Usually, wedding orders are rolling in right now. And I'm so sad they aren't thinking about all of the brides who now have to‚Ä¶ https://www.instagram.com/p/B-898sWpx-Y/?igshid=108onttakvtx0¬†‚Ä¶",2020-04-14 07:18:30,[],https://twitter.com/saidinwood/status/1249960204457967616,COVID,39.7285,-121.8375,CHICO
1249906168513933313,fhdphotography,"Use of cloth face coverings will help slow the spread of Covid-19...
‚Äúthank you Patty‚Äù

stay home  stay safe
visit my new website link in bio 
.
.
.
.
.
#yosemitevalley #mountains #hikemore #goforahike‚Ä¶ https://www.instagram.com/p/B-8lX-tHMlY/?igshid=1x5lrz7vugwfg¬†‚Ä¶",2020-04-14 03:43:47,"['yosemitevalley', 'mountains', 'hikemore', 'goforahike']",https://twitter.com/heywoodphotog/status/1249906168513933313,COVID,39.7285,-121.8375,CHICO
1250141350487441408,Ruth Peitz,"We need a west coast @MSNBC 

I am really sick of the east coast interrupting west coast covid briefings.",2020-04-14 19:18:19,[],https://twitter.com/chicopeitz/status/1250141350487441408,COVID,39.7285,-121.8375,CHICO
1249960204457967616,Said In Wood,"Has anyone had to postpone their wedding due to Covid-19?? 

I miss wedding season :( 

Usually, wedding orders are rolling in right now. And I'm so sad they aren't thinking about all of the brides who now have to‚Ä¶ https://www.instagram.com/p/B-898sWpx-Y/?igshid=108onttakvtx0¬†‚Ä¶",2020-04-14 07:18:30,[],https://twitter.com/saidinwood/status/1249960204457967616,COVID,39.7285,-121.8375,CHICO
1249906168513933313,fhdphotography,"Use of cloth face coverings will help slow the spread of Covid-19...
‚Äúthank you Patty‚Äù

stay home  stay safe
visit my new website link in bio 
.
.
.
.
.
#yosemitevalley #mountains #hikemore #goforahike‚Ä¶ https://www.instagram.com/p/B-8lX-tHMlY/?igshid=1x5lrz7vugwfg¬†‚Ä¶",2020-04-14 03:43:47,"['yosemitevalley', 'mountains', 'hikemore', 'goforahike']",https://twitter.com/heywoodphotog/status/1249906168513933313,COVID,39.7285,-121.8375,CHICO
1253107097161457664,Joe Doudna,"Very funny @safeway... 

#covid_19 #covid #rationingpic.twitter.com/uqiQFOeD9S",2020-04-22 23:43:08,"['covid_19', 'covid', 'rationingpic']",https://twitter.com/JoeDoudna/status/1253107097161457664,COVID,39.7285,-121.8375,CHICO
1252954076968398849,"Chris Hayashida-Knight, PhD","CNN: How San Francisco's quirky politics gave California an edge in the Covid-19 fight.
https://www.cnn.com/2020/04/21/opinions/san-francisco-california-covid-19-response-mitchell/index.html¬†‚Ä¶

via @GoogleNews",2020-04-22 13:35:05,[],https://twitter.com/chhknight/status/1252954076968398849,COVID,39.7285,-121.8375,CHICO
1253107097161457664,Joe Doudna,"Very funny @safeway... 

#covid_19 #covid #rationingpic.twitter.com/uqiQFOeD9S",2020-04-22 23:43:08,"['covid_19', 'covid', 'rationingpic']",https://twitter.com/JoeDoudna/status/1253107097161457664,COVID,39.7285,-121.8375,CHICO
1252954076968398849,"Chris Hayashida-Knight, PhD","CNN: How San Francisco's quirky politics gave California an edge in the Covid-19 fight.
https://www.cnn.com/2020/04/21/opinions/san-francisco-california-covid-19-response-mitchell/index.html¬†‚Ä¶

via @GoogleNews",2020-04-22 13:35:05,[],https://twitter.com/chhknight/status/1252954076968398849,COVID,39.7285,-121.8375,CHICO
1253469488269279232,Eric Richter,"Just listened to an outtake from trumps press conference today, sounds like you might be the next cure for covid 19??? ",2020-04-23 23:43:08,[],https://twitter.com/ericcarlrichter/status/1253469488269279232,COVID,39.7285,-121.8375,CHICO
1253468953973624833,Nate,As @mikepompeo said yesterday on @NewsHour yesterday about China being autocratic and lying. The @realDonaldTrump lied his way through the early days and weeks of Covid-19 costing so many lives. https://twitter.com/robreiner/status/1253457774630932486¬†‚Ä¶,2020-04-23 23:41:01,[],https://twitter.com/KingArt99/status/1253468953973624833,COVID,39.7285,-121.8375,CHICO
1253147983991803904,pendejaüå∫,"That government is the same gov‚Äôt that urges immigrants to apply for citizenship legally, but penalizes those who are doing everything in their power (citizenship is a LENGTHY process) while a majority of services are shutdown due to covid-19. https://twitter.com/latimes/status/1252396990429687810¬†‚Ä¶",2020-04-23 02:25:36,[],https://twitter.com/marisolmorenooo/status/1253147983991803904,COVID,39.7285,-121.8375,CHICO
1253469488269279232,Eric Richter,"Just listened to an outtake from trumps press conference today, sounds like you might be the next cure for covid 19??? ",2020-04-23 23:43:08,[],https://twitter.com/ericcarlrichter/status/1253469488269279232,COVID,39.7285,-121.8375,CHICO
1253468953973624833,Nate,As @mikepompeo said yesterday on @NewsHour yesterday about China being autocratic and lying. The @realDonaldTrump lied his way through the early days and weeks of Covid-19 costing so many lives. https://twitter.com/robreiner/status/1253457774630932486¬†‚Ä¶,2020-04-23 23:41:01,[],https://twitter.com/KingArt99/status/1253468953973624833,COVID,39.7285,-121.8375,CHICO
1253147983991803904,pendejaüå∫,"That government is the same gov‚Äôt that urges immigrants to apply for citizenship legally, but penalizes those who are doing everything in their power (citizenship is a LENGTHY process) while a majority of services are shutdown due to covid-19. https://twitter.com/latimes/status/1252396990429687810¬†‚Ä¶",2020-04-23 02:25:36,[],https://twitter.com/marisolmorenooo/status/1253147983991803904,COVID,39.7285,-121.8375,CHICO
1250558632359534593,Kimberlee Kelley,"In support of the class of 2020, the seniors who had their senior activities suspended by COVID-19, change your profile picture to YOUR senior photo, no matter how old you are!

Send all my love the the seniors! ‚Ä¶ https://www.instagram.com/p/B_BOFhxAdSs/?igshid=1x86gds5bgr3r¬†‚Ä¶",2020-04-15 22:56:26,[],https://twitter.com/FroggyGirl1983/status/1250558632359534593,COVID,39.7285,-121.8375,CHICO
1250558632359534593,Kimberlee Kelley,"In support of the class of 2020, the seniors who had their senior activities suspended by COVID-19, change your profile picture to YOUR senior photo, no matter how old you are!

Send all my love the the seniors! ‚Ä¶ https://www.instagram.com/p/B_BOFhxAdSs/?igshid=1x86gds5bgr3r¬†‚Ä¶",2020-04-15 22:56:26,[],https://twitter.com/FroggyGirl1983/status/1250558632359534593,COVID,39.7285,-121.8375,CHICO
1251693881697030144,Chivahermano Siempre Fiel,"Mmmm como dicen que ya no nos creamos  del covid  porque es.mentira pue vamonos  como
Estos que van bien felices https://twitter.com/abuelo_ay/status/1251668923470221312¬†‚Ä¶",2020-04-19 02:07:31,[],https://twitter.com/ChivahermanoSi5/status/1251693881697030144,COVID,39.7285,-121.8375,CHICO
1251693881697030144,Chivahermano Siempre Fiel,"Mmmm como dicen que ya no nos creamos  del covid  porque es.mentira pue vamonos  como
Estos que van bien felices https://twitter.com/abuelo_ay/status/1251668923470221312¬†‚Ä¶",2020-04-19 02:07:31,[],https://twitter.com/ChivahermanoSi5/status/1251693881697030144,COVID,39.7285,-121.8375,CHICO
1252046911873245184,John Sagers,The covid-19 virus may or may not recur seasonally; Joe Biden learned outbreak management from Barry Obama. Wouldn't Donald Trump be the better choice?,2020-04-20 01:30:20,[],https://twitter.com/JohnSagers8/status/1252046911873245184,COVID,39.7285,-121.8375,CHICO
1252034422926237697,John Sagers,"In the NorCal region, we have two counties with no reported covid cases. Let's open them up with masks and gloves and see what happens. We can't stay shut down forever.",2020-04-20 00:40:42,[],https://twitter.com/JohnSagers8/status/1252034422926237697,COVID,39.7285,-121.8375,CHICO
1252046911873245184,John Sagers,The covid-19 virus may or may not recur seasonally; Joe Biden learned outbreak management from Barry Obama. Wouldn't Donald Trump be the better choice?,2020-04-20 01:30:20,[],https://twitter.com/JohnSagers8/status/1252046911873245184,COVID,39.7285,-121.8375,CHICO
1252034422926237697,John Sagers,"In the NorCal region, we have two counties with no reported covid cases. Let's open them up with masks and gloves and see what happens. We can't stay shut down forever.",2020-04-20 00:40:42,[],https://twitter.com/JohnSagers8/status/1252034422926237697,COVID,39.7285,-121.8375,CHICO
1251349425043107841,Josh Rowe,The Covid19 baking experiments‚Äô continue. A sourdough starter is getting happy in our kitchen and tomorrow I make an attempt at sourdough bread. #covid19baking #dadswhobake #baking #learningtobake,2020-04-18 03:18:46,"['covid19baking', 'dadswhobake', 'baking', 'learningtobake']",https://twitter.com/TriDaddyx3/status/1251349425043107841,COVID-19,39.7285,-121.8375,CHICO
1251349425043107841,Josh Rowe,The Covid19 baking experiments‚Äô continue. A sourdough starter is getting happy in our kitchen and tomorrow I make an attempt at sourdough bread. #covid19baking #dadswhobake #baking #learningtobake,2020-04-18 03:18:46,"['covid19baking', 'dadswhobake', 'baking', 'learningtobake']",https://twitter.com/TriDaddyx3/status/1251349425043107841,COVID-19,39.7285,-121.8375,CHICO
1254503602350993408,nat,"Just because shops are opening and quarantine is being lifted little by little, don‚Äôt mean COVID-19 is going away. They just don‚Äôt wanna give people anymore money dummy‚Äôs",2020-04-26 20:12:21,[],https://twitter.com/Ayye_Nat/status/1254503602350993408,COVID-19,39.7285,-121.8375,CHICO
1254503602350993408,nat,"Just because shops are opening and quarantine is being lifted little by little, don‚Äôt mean COVID-19 is going away. They just don‚Äôt wanna give people anymore money dummy‚Äôs",2020-04-26 20:12:21,[],https://twitter.com/Ayye_Nat/status/1254503602350993408,COVID-19,39.7285,-121.8375,CHICO
1250824431414374401,Nick Sheppard,"I miss casinos,  5  hotels and being treated like royalty. What do you miss during this madness? #ShelterInPlace #COVID19 #COVIDIOTS",2020-04-16 16:32:38,"['ShelterInPlace', 'COVID19', 'COVIDIOTS']",https://twitter.com/Shep_I_Am/status/1250824431414374401,COVID-19,39.7285,-121.8375,CHICO
1250824431414374401,Nick Sheppard,"I miss casinos,  5  hotels and being treated like royalty. What do you miss during this madness? #ShelterInPlace #COVID19 #COVIDIOTS",2020-04-16 16:32:38,"['ShelterInPlace', 'COVID19', 'COVIDIOTS']",https://twitter.com/Shep_I_Am/status/1250824431414374401,COVID-19,39.7285,-121.8375,CHICO
1253857094698012672,Aaron D.,"Even without the #COVID19 risk, that‚Äôs not a good reason....",2020-04-25 01:23:21,['COVID19'],https://twitter.com/InsideEvil/status/1253857094698012672,COVID-19,39.7285,-121.8375,CHICO
1253857094698012672,Aaron D.,"Even without the #COVID19 risk, that‚Äôs not a good reason....",2020-04-25 01:23:21,['COVID19'],https://twitter.com/InsideEvil/status/1253857094698012672,COVID-19,39.7285,-121.8375,CHICO
1250558632359534593,Kimberlee Kelley,"In support of the class of 2020, the seniors who had their senior activities suspended by COVID-19, change your profile picture to YOUR senior photo, no matter how old you are!

Send all my love the the seniors! ‚Ä¶ https://www.instagram.com/p/B_BOFhxAdSs/?igshid=1x86gds5bgr3r¬†‚Ä¶",2020-04-15 22:56:26,[],https://twitter.com/FroggyGirl1983/status/1250558632359534593,COVID-19,39.7285,-121.8375,CHICO
1250258789556563969,Josh Rowe,Proud to call @ChicoState Professors Greg and Eric my friends. Keep up the good work guys. #ChicoState #chicostrong #buttestrong #COVID19 https://today.csuchico.edu/3d-ppe/¬†,2020-04-15 03:04:58,"['ChicoState', 'chicostrong', 'buttestrong', 'COVID19']",https://twitter.com/TriDaddyx3/status/1250258789556563969,COVID-19,39.7285,-121.8375,CHICO
1250558632359534593,Kimberlee Kelley,"In support of the class of 2020, the seniors who had their senior activities suspended by COVID-19, change your profile picture to YOUR senior photo, no matter how old you are!

Send all my love the the seniors! ‚Ä¶ https://www.instagram.com/p/B_BOFhxAdSs/?igshid=1x86gds5bgr3r¬†‚Ä¶",2020-04-15 22:56:26,[],https://twitter.com/FroggyGirl1983/status/1250558632359534593,COVID-19,39.7285,-121.8375,CHICO
1250258789556563969,Josh Rowe,Proud to call @ChicoState Professors Greg and Eric my friends. Keep up the good work guys. #ChicoState #chicostrong #buttestrong #COVID19 https://today.csuchico.edu/3d-ppe/¬†,2020-04-15 03:04:58,"['ChicoState', 'chicostrong', 'buttestrong', 'COVID19']",https://twitter.com/TriDaddyx3/status/1250258789556563969,COVID-19,39.7285,-121.8375,CHICO
1253107097161457664,Joe Doudna,"Very funny @safeway... 

#covid_19 #covid #rationingpic.twitter.com/uqiQFOeD9S",2020-04-22 23:43:08,"['covid_19', 'covid', 'rationingpic']",https://twitter.com/JoeDoudna/status/1253107097161457664,COVID-19,39.7285,-121.8375,CHICO
1252954076968398849,"Chris Hayashida-Knight, PhD","CNN: How San Francisco's quirky politics gave California an edge in the Covid-19 fight.
https://www.cnn.com/2020/04/21/opinions/san-francisco-california-covid-19-response-mitchell/index.html¬†‚Ä¶

via @GoogleNews",2020-04-22 13:35:05,[],https://twitter.com/chhknight/status/1252954076968398849,COVID-19,39.7285,-121.8375,CHICO
1252816816608436226,üçÇTruman Hugh üçÅüçÇ,"Why is Michael Cohen released years early because of #COVID19, but Reality Winner remains at risk??",2020-04-22 04:29:39,['COVID19'],https://twitter.com/TrumanHugh/status/1252816816608436226,COVID-19,39.7285,-121.8375,CHICO
1253107097161457664,Joe Doudna,"Very funny @safeway... 

#covid_19 #covid #rationingpic.twitter.com/uqiQFOeD9S",2020-04-22 23:43:08,"['covid_19', 'covid', 'rationingpic']",https://twitter.com/JoeDoudna/status/1253107097161457664,COVID-19,39.7285,-121.8375,CHICO
1252954076968398849,"Chris Hayashida-Knight, PhD","CNN: How San Francisco's quirky politics gave California an edge in the Covid-19 fight.
https://www.cnn.com/2020/04/21/opinions/san-francisco-california-covid-19-response-mitchell/index.html¬†‚Ä¶

via @GoogleNews",2020-04-22 13:35:05,[],https://twitter.com/chhknight/status/1252954076968398849,COVID-19,39.7285,-121.8375,CHICO
1252816816608436226,üçÇTruman Hugh üçÅüçÇ,"Why is Michael Cohen released years early because of #COVID19, but Reality Winner remains at risk??",2020-04-22 04:29:39,['COVID19'],https://twitter.com/TrumanHugh/status/1252816816608436226,COVID-19,39.7285,-121.8375,CHICO
1252429352517566464,John Sagers,"An update from yesterday: As of this morning, according to Action News Now, there are three NorCal counties with 0 confirmed cases of covid-19. Open then, Gavin. Be a humanitarian.",2020-04-21 02:50:01,[],https://twitter.com/JohnSagers8/status/1252429352517566464,COVID-19,39.7285,-121.8375,CHICO
1252429352517566464,John Sagers,"An update from yesterday: As of this morning, according to Action News Now, there are three NorCal counties with 0 confirmed cases of covid-19. Open then, Gavin. Be a humanitarian.",2020-04-21 02:50:01,[],https://twitter.com/JohnSagers8/status/1252429352517566464,COVID-19,39.7285,-121.8375,CHICO
1252097160201383936,Whaley Good Student,"I'm Drew, I study wildlife conservation (whale watching + other ecotourism) through the eyes of the anthropologist; #COVID19 understandably paused all of my fieldwork at the moment so I've had to invent new ways of conducting research!",2020-04-20 04:50:00,['COVID19'],https://twitter.com/anthro_andrew/status/1252097160201383936,COVID-19,39.7285,-121.8375,CHICO
1252046911873245184,John Sagers,The covid-19 virus may or may not recur seasonally; Joe Biden learned outbreak management from Barry Obama. Wouldn't Donald Trump be the better choice?,2020-04-20 01:30:20,[],https://twitter.com/JohnSagers8/status/1252046911873245184,COVID-19,39.7285,-121.8375,CHICO
1252097160201383936,Whaley Good Student,"I'm Drew, I study wildlife conservation (whale watching + other ecotourism) through the eyes of the anthropologist; #COVID19 understandably paused all of my fieldwork at the moment so I've had to invent new ways of conducting research!",2020-04-20 04:50:00,['COVID19'],https://twitter.com/anthro_andrew/status/1252097160201383936,COVID-19,39.7285,-121.8375,CHICO
1252046911873245184,John Sagers,The covid-19 virus may or may not recur seasonally; Joe Biden learned outbreak management from Barry Obama. Wouldn't Donald Trump be the better choice?,2020-04-20 01:30:20,[],https://twitter.com/JohnSagers8/status/1252046911873245184,COVID-19,39.7285,-121.8375,CHICO
1251690699608567808,R. Becker,"Well first off, COVID19 isn‚Äôt sending  you to a gas chamber...
Maybe a bad case of the flu, unless you‚Äôre Obese COPD high blood pressure or geriatric. You have a good chance. Or a neighbor turns u in to American gestapo.",2020-04-19 01:54:52,[],https://twitter.com/Neubeowulf/status/1251690699608567808,COVID-19,39.7285,-121.8375,CHICO
1251690699608567808,R. Becker,"Well first off, COVID19 isn‚Äôt sending  you to a gas chamber...
Maybe a bad case of the flu, unless you‚Äôre Obese COPD high blood pressure or geriatric. You have a good chance. Or a neighbor turns u in to American gestapo.",2020-04-19 01:54:52,[],https://twitter.com/Neubeowulf/status/1251690699608567808,COVID-19,39.7285,-121.8375,CHICO
1249960204457967616,Said In Wood,"Has anyone had to postpone their wedding due to Covid-19?? 

I miss wedding season :( 

Usually, wedding orders are rolling in right now. And I'm so sad they aren't thinking about all of the brides who now have to‚Ä¶ https://www.instagram.com/p/B-898sWpx-Y/?igshid=108onttakvtx0¬†‚Ä¶",2020-04-14 07:18:30,[],https://twitter.com/saidinwood/status/1249960204457967616,COVID-19,39.7285,-121.8375,CHICO
1249906168513933313,fhdphotography,"Use of cloth face coverings will help slow the spread of Covid-19...
‚Äúthank you Patty‚Äù

stay home  stay safe
visit my new website link in bio 
.
.
.
.
.
#yosemitevalley #mountains #hikemore #goforahike‚Ä¶ https://www.instagram.com/p/B-8lX-tHMlY/?igshid=1x5lrz7vugwfg¬†‚Ä¶",2020-04-14 03:43:47,"['yosemitevalley', 'mountains', 'hikemore', 'goforahike']",https://twitter.com/heywoodphotog/status/1249906168513933313,COVID-19,39.7285,-121.8375,CHICO
1249960204457967616,Said In Wood,"Has anyone had to postpone their wedding due to Covid-19?? 

I miss wedding season :( 

Usually, wedding orders are rolling in right now. And I'm so sad they aren't thinking about all of the brides who now have to‚Ä¶ https://www.instagram.com/p/B-898sWpx-Y/?igshid=108onttakvtx0¬†‚Ä¶",2020-04-14 07:18:30,[],https://twitter.com/saidinwood/status/1249960204457967616,COVID-19,39.7285,-121.8375,CHICO
1249906168513933313,fhdphotography,"Use of cloth face coverings will help slow the spread of Covid-19...
‚Äúthank you Patty‚Äù

stay home  stay safe
visit my new website link in bio 
.
.
.
.
.
#yosemitevalley #mountains #hikemore #goforahike‚Ä¶ https://www.instagram.com/p/B-8lX-tHMlY/?igshid=1x5lrz7vugwfg¬†‚Ä¶",2020-04-14 03:43:47,"['yosemitevalley', 'mountains', 'hikemore', 'goforahike']",https://twitter.com/heywoodphotog/status/1249906168513933313,COVID-19,39.7285,-121.8375,CHICO
1251290151151521792,Aaron D.,"At that rate, #COVID19 testing in America will be complete by...

wait for it...

and wait some more...

October 2027.

 https://twitter.com/atrupar/status/1251282609960816644¬†‚Ä¶",2020-04-17 23:23:14,['COVID19'],https://twitter.com/InsideEvil/status/1251290151151521792,COVID-19,39.7285,-121.8375,CHICO
1251278961532780545,Whaley Good Student,I will have so much to make up for when COVID-19 subsides,2020-04-17 22:38:46,[],https://twitter.com/anthro_andrew/status/1251278961532780545,COVID-19,39.7285,-121.8375,CHICO
1250979821364142080,Patrica Hopper,"Periwinkle Skies...
.
.
.
#HopperHalfAcre #paradiseca #paradisecity #mountainlife #camfiresurvivor #campfire2018 #covid #covid19 #coronavirus #coronavirus2020 #quarantine #quarintinelife #quarintinelife2020 @ Town‚Ä¶ https://www.instagram.com/p/B_ENnp0ghJE/?igshid=1ibd1s8r66so9¬†‚Ä¶",2020-04-17 02:50:06,"['HopperHalfAcre', 'paradiseca', 'paradisecity', 'mountainlife', 'camfiresurvivor', 'campfire2018', 'covid', 'covid19', 'coronavirus', 'coronavirus2020', 'quarantine', 'quarintinelife', 'quarintinelife2020']",https://twitter.com/tricalee3/status/1250979821364142080,COVID-19,39.7285,-121.8375,CHICO
1251290151151521792,Aaron D.,"At that rate, #COVID19 testing in America will be complete by...

wait for it...

and wait some more...

October 2027.

 https://twitter.com/atrupar/status/1251282609960816644¬†‚Ä¶",2020-04-17 23:23:14,['COVID19'],https://twitter.com/InsideEvil/status/1251290151151521792,COVID-19,39.7285,-121.8375,CHICO
1251278961532780545,Whaley Good Student,I will have so much to make up for when COVID-19 subsides,2020-04-17 22:38:46,[],https://twitter.com/anthro_andrew/status/1251278961532780545,COVID-19,39.7285,-121.8375,CHICO
1250979821364142080,Patrica Hopper,"Periwinkle Skies...
.
.
.
#HopperHalfAcre #paradiseca #paradisecity #mountainlife #camfiresurvivor #campfire2018 #covid #covid19 #coronavirus #coronavirus2020 #quarantine #quarintinelife #quarintinelife2020 @ Town‚Ä¶ https://www.instagram.com/p/B_ENnp0ghJE/?igshid=1ibd1s8r66so9¬†‚Ä¶",2020-04-17 02:50:06,"['HopperHalfAcre', 'paradiseca', 'paradisecity', 'mountainlife', 'camfiresurvivor', 'campfire2018', 'covid', 'covid19', 'coronavirus', 'coronavirus2020', 'quarantine', 'quarintinelife', 'quarintinelife2020']",https://twitter.com/tricalee3/status/1250979821364142080,COVID-19,39.7285,-121.8375,CHICO
1253469488269279232,Eric Richter,"Just listened to an outtake from trumps press conference today, sounds like you might be the next cure for covid 19??? ",2020-04-23 23:43:08,[],https://twitter.com/ericcarlrichter/status/1253469488269279232,COVID-19,39.7285,-121.8375,CHICO
1253468953973624833,Nate,As @mikepompeo said yesterday on @NewsHour yesterday about China being autocratic and lying. The @realDonaldTrump lied his way through the early days and weeks of Covid-19 costing so many lives. https://twitter.com/robreiner/status/1253457774630932486¬†‚Ä¶,2020-04-23 23:41:01,[],https://twitter.com/KingArt99/status/1253468953973624833,COVID-19,39.7285,-121.8375,CHICO
1253147983991803904,pendejaüå∫,"That government is the same gov‚Äôt that urges immigrants to apply for citizenship legally, but penalizes those who are doing everything in their power (citizenship is a LENGTHY process) while a majority of services are shutdown due to covid-19. https://twitter.com/latimes/status/1252396990429687810¬†‚Ä¶",2020-04-23 02:25:36,[],https://twitter.com/marisolmorenooo/status/1253147983991803904,COVID-19,39.7285,-121.8375,CHICO
1253115411161165826,Joe Doudna,#COVID19 pic.twitter.com/91mVWvSFMZ,2020-04-23 00:16:10,['COVID19'],https://twitter.com/JoeDoudna/status/1253115411161165826,COVID-19,39.7285,-121.8375,CHICO
1253469488269279232,Eric Richter,"Just listened to an outtake from trumps press conference today, sounds like you might be the next cure for covid 19??? ",2020-04-23 23:43:08,[],https://twitter.com/ericcarlrichter/status/1253469488269279232,COVID-19,39.7285,-121.8375,CHICO
1253468953973624833,Nate,As @mikepompeo said yesterday on @NewsHour yesterday about China being autocratic and lying. The @realDonaldTrump lied his way through the early days and weeks of Covid-19 costing so many lives. https://twitter.com/robreiner/status/1253457774630932486¬†‚Ä¶,2020-04-23 23:41:01,[],https://twitter.com/KingArt99/status/1253468953973624833,COVID-19,39.7285,-121.8375,CHICO
1253147983991803904,pendejaüå∫,"That government is the same gov‚Äôt that urges immigrants to apply for citizenship legally, but penalizes those who are doing everything in their power (citizenship is a LENGTHY process) while a majority of services are shutdown due to covid-19. https://twitter.com/latimes/status/1252396990429687810¬†‚Ä¶",2020-04-23 02:25:36,[],https://twitter.com/marisolmorenooo/status/1253147983991803904,COVID-19,39.7285,-121.8375,CHICO
1253115411161165826,Joe Doudna,#COVID19 pic.twitter.com/91mVWvSFMZ,2020-04-23 00:16:10,['COVID19'],https://twitter.com/JoeDoudna/status/1253115411161165826,COVID-19,39.7285,-121.8375,CHICO
1253792577452564485,Josh Rowe,12 gallons of gas for under $24.00 in California! I know gas can be found more cheaply in other parts of the country but this is super cheap for California. #cheapgas #covid19 #costco #california #californiagaspricespic.twitter.com/viKuGOIr0R,2020-04-24 21:06:59,"['cheapgas', 'covid19', 'costco', 'california', 'californiagaspricespic']",https://twitter.com/TriDaddyx3/status/1253792577452564485,COVID-19,39.7285,-121.8375,CHICO
1253764106382749696,Colusa County Office of Education,"The 2020 3+ Club Scholastic Recognition Day scheduled for Thursday, June 11 has been cancelled due to the COVID-19 situation. We look forward to continuing this tradition in 2021. pic.twitter.com/vYVSmXLMRe",2020-04-24 19:13:51,[],https://twitter.com/ColusaCOE/status/1253764106382749696,COVID-19,39.7285,-121.8375,CHICO
1253759696059527168,"Harry Lomas IV, MD",#COVID19 #medtwitterpic.twitter.com/l8zBgmatJT,2020-04-24 18:56:19,"['COVID19', 'medtwitterpic']",https://twitter.com/HLomas4/status/1253759696059527168,COVID-19,39.7285,-121.8375,CHICO
1253754280994942976,"Harry Lomas IV, MD",#COVID19 #medtwitterpic.twitter.com/qLX7iWaj0a,2020-04-24 18:34:48,"['COVID19', 'medtwitterpic']",https://twitter.com/HLomas4/status/1253754280994942976,COVID-19,39.7285,-121.8375,CHICO
1253514645777772545,David Prest,@realDonaldTrump @DOJPH @GavinNewsom EBay based out of California supports black marketing sells when people are already struggling to pay bills and being scared to death by government officials on the covid 19 virus!! eBay support Price gouging makes me sick pic.twitter.com/80bNZ5THos,2020-04-24 02:42:35,[],https://twitter.com/DavidPrest2016/status/1253514645777772545,COVID-19,39.7285,-121.8375,CHICO
1253792577452564485,Josh Rowe,12 gallons of gas for under $24.00 in California! I know gas can be found more cheaply in other parts of the country but this is super cheap for California. #cheapgas #covid19 #costco #california #californiagaspricespic.twitter.com/viKuGOIr0R,2020-04-24 21:06:59,"['cheapgas', 'covid19', 'costco', 'california', 'californiagaspricespic']",https://twitter.com/TriDaddyx3/status/1253792577452564485,COVID-19,39.7285,-121.8375,CHICO
1253764106382749696,Colusa County Office of Education,"The 2020 3+ Club Scholastic Recognition Day scheduled for Thursday, June 11 has been cancelled due to the COVID-19 situation. We look forward to continuing this tradition in 2021. pic.twitter.com/vYVSmXLMRe",2020-04-24 19:13:51,[],https://twitter.com/ColusaCOE/status/1253764106382749696,COVID-19,39.7285,-121.8375,CHICO
1253759696059527168,"Harry Lomas IV, MD",#COVID19 #medtwitterpic.twitter.com/l8zBgmatJT,2020-04-24 18:56:19,"['COVID19', 'medtwitterpic']",https://twitter.com/HLomas4/status/1253759696059527168,COVID-19,39.7285,-121.8375,CHICO
1253754280994942976,"Harry Lomas IV, MD",#COVID19 #medtwitterpic.twitter.com/qLX7iWaj0a,2020-04-24 18:34:48,"['COVID19', 'medtwitterpic']",https://twitter.com/HLomas4/status/1253754280994942976,COVID-19,39.7285,-121.8375,CHICO
1253514645777772545,David Prest,@realDonaldTrump @DOJPH @GavinNewsom EBay based out of California supports black marketing sells when people are already struggling to pay bills and being scared to death by government officials on the covid 19 virus!! eBay support Price gouging makes me sick pic.twitter.com/80bNZ5THos,2020-04-24 02:42:35,[],https://twitter.com/DavidPrest2016/status/1253514645777772545,COVID-19,39.7285,-121.8375,CHICO
1250874144721211393,Emily Flores üåµüõ∏üèú,"Okay Corona, you took baseball, me being able to get a margarita on my birthday, most likely my wedding and now I can‚Äôt get a switch until the summer. Where does it end?!? pic.twitter.com/inHUtM5EQc",2020-04-16 19:50:10,[],https://twitter.com/FrickenEmily/status/1250874144721211393,Corona,39.7285,-121.8375,CHICO
1250874144721211393,Emily Flores üåµüõ∏üèú,"Okay Corona, you took baseball, me being able to get a margarita on my birthday, most likely my wedding and now I can‚Äôt get a switch until the summer. Where does it end?!? pic.twitter.com/inHUtM5EQc",2020-04-16 19:50:10,[],https://twitter.com/FrickenEmily/status/1250874144721211393,Corona,39.7285,-121.8375,CHICO
1252660632371040257,Patrica Hopper,"Jumping in on that #homeschoollife!
.
.
.
#IggyPup #corona #covid #stayinghome #dogslife #dogpuzzles #dogsofinstagram @ Paradise, California https://www.instagram.com/p/B_QJ9uoApvW/?igshid=baie0dlmhku0¬†‚Ä¶",2020-04-21 18:09:02,"['homeschoollife', 'IggyPup', 'corona', 'covid', 'stayinghome', 'dogslife', 'dogpuzzles', 'dogsofinstagram']",https://twitter.com/tricalee3/status/1252660632371040257,Corona,39.7285,-121.8375,CHICO
1252660632371040257,Patrica Hopper,"Jumping in on that #homeschoollife!
.
.
.
#IggyPup #corona #covid #stayinghome #dogslife #dogpuzzles #dogsofinstagram @ Paradise, California https://www.instagram.com/p/B_QJ9uoApvW/?igshid=baie0dlmhku0¬†‚Ä¶",2020-04-21 18:09:02,"['homeschoollife', 'IggyPup', 'corona', 'covid', 'stayinghome', 'dogslife', 'dogpuzzles', 'dogsofinstagram']",https://twitter.com/tricalee3/status/1252660632371040257,Corona,39.7285,-121.8375,CHICO
1254341601758871552,Jose Cruz Aleman,Can mosquitos catch corona virus ,2020-04-26 09:28:37,[],https://twitter.com/ClutchCruz/status/1254341601758871552,Corona,39.7285,-121.8375,CHICO
1254341601758871552,Jose Cruz Aleman,Can mosquitos catch corona virus ,2020-04-26 09:28:37,[],https://twitter.com/ClutchCruz/status/1254341601758871552,Corona,39.7285,-121.8375,CHICO
1251439118812213250,Javier Glez,Skate or die bro corona edition https://twitter.com/NickEmmonsTV/status/1251169604308815873¬†‚Ä¶,2020-04-18 09:15:11,[],https://twitter.com/javy_gonz/status/1251439118812213250,Corona,39.7285,-121.8375,CHICO
1251439118812213250,Javier Glez,Skate or die bro corona edition https://twitter.com/NickEmmonsTV/status/1251169604308815873¬†‚Ä¶,2020-04-18 09:15:11,[],https://twitter.com/javy_gonz/status/1251439118812213250,Corona,39.7285,-121.8375,CHICO
1251995775804026883,Emily Flores üåµüõ∏üèú,Man I bet the first person who got corona virus is so embarrassed right now.,2020-04-19 22:07:08,[],https://twitter.com/FrickenEmily/status/1251995775804026883,Corona,39.7285,-121.8375,CHICO
1251995775804026883,Emily Flores üåµüõ∏üèú,Man I bet the first person who got corona virus is so embarrassed right now.,2020-04-19 22:07:08,[],https://twitter.com/FrickenEmily/status/1251995775804026883,Corona,39.7285,-121.8375,CHICO
1253265847012884480,edward,Don‚Äôt they know that sunlight kills the corona virus?,2020-04-23 10:13:57,[],https://twitter.com/respiratoryeddy/status/1253265847012884480,Corona,39.7285,-121.8375,CHICO
1253265847012884480,edward,Don‚Äôt they know that sunlight kills the corona virus?,2020-04-23 10:13:57,[],https://twitter.com/respiratoryeddy/status/1253265847012884480,Corona,39.7285,-121.8375,CHICO
1250979821364142080,Patrica Hopper,"Periwinkle Skies...
.
.
.
#HopperHalfAcre #paradiseca #paradisecity #mountainlife #camfiresurvivor #campfire2018 #covid #covid19 #coronavirus #coronavirus2020 #quarantine #quarintinelife #quarintinelife2020 @ Town‚Ä¶ https://www.instagram.com/p/B_ENnp0ghJE/?igshid=1ibd1s8r66so9¬†‚Ä¶",2020-04-17 02:50:06,"['HopperHalfAcre', 'paradiseca', 'paradisecity', 'mountainlife', 'camfiresurvivor', 'campfire2018', 'covid', 'covid19', 'coronavirus', 'coronavirus2020', 'quarantine', 'quarintinelife', 'quarintinelife2020']",https://twitter.com/tricalee3/status/1250979821364142080,Coronavirus,39.7285,-121.8375,CHICO
1250979821364142080,Patrica Hopper,"Periwinkle Skies...
.
.
.
#HopperHalfAcre #paradiseca #paradisecity #mountainlife #camfiresurvivor #campfire2018 #covid #covid19 #coronavirus #coronavirus2020 #quarantine #quarintinelife #quarintinelife2020 @ Town‚Ä¶ https://www.instagram.com/p/B_ENnp0ghJE/?igshid=1ibd1s8r66so9¬†‚Ä¶",2020-04-17 02:50:06,"['HopperHalfAcre', 'paradiseca', 'paradisecity', 'mountainlife', 'camfiresurvivor', 'campfire2018', 'covid', 'covid19', 'coronavirus', 'coronavirus2020', 'quarantine', 'quarintinelife', 'quarintinelife2020']",https://twitter.com/tricalee3/status/1250979821364142080,Coronavirus,39.7285,-121.8375,CHICO
1252270269353226240,kenz,Even the coronavirus isn't going to ruin 420 for me this year ,2020-04-20 16:17:52,[],https://twitter.com/makenzieenyee/status/1252270269353226240,Coronavirus,39.7285,-121.8375,CHICO
1252270269353226240,kenz,Even the coronavirus isn't going to ruin 420 for me this year ,2020-04-20 16:17:52,[],https://twitter.com/makenzieenyee/status/1252270269353226240,Coronavirus,39.7285,-121.8375,CHICO
1254159776151252993,jiggly nubbins,Just about everybody in America supports the coronavirus social distancing measures that are saving thousands of lives every day - Business Insider https://www.businessinsider.com/poll-most-americans-support-coronavirus-social-distancing-measures-2020-4¬†‚Ä¶,2020-04-25 21:26:06,[],https://twitter.com/jigglynubbins/status/1254159776151252993,Coronavirus,39.7285,-121.8375,CHICO
1253866670252163073,kenz,Almost 6 years working here and I've never actually hated my job until now. Fuck the coronavirus.,2020-04-25 02:01:24,[],https://twitter.com/makenzieenyee/status/1253866670252163073,Coronavirus,39.7285,-121.8375,CHICO
1254159776151252993,jiggly nubbins,Just about everybody in America supports the coronavirus social distancing measures that are saving thousands of lives every day - Business Insider https://www.businessinsider.com/poll-most-americans-support-coronavirus-social-distancing-measures-2020-4¬†‚Ä¶,2020-04-25 21:26:06,[],https://twitter.com/jigglynubbins/status/1254159776151252993,Coronavirus,39.7285,-121.8375,CHICO
1253866670252163073,kenz,Almost 6 years working here and I've never actually hated my job until now. Fuck the coronavirus.,2020-04-25 02:01:24,[],https://twitter.com/makenzieenyee/status/1253866670252163073,Coronavirus,39.7285,-121.8375,CHICO
1253265847012884480,edward,Don‚Äôt they know that sunlight kills the corona virus?,2020-04-23 10:13:57,[],https://twitter.com/respiratoryeddy/status/1253265847012884480,Coronavirus,39.7285,-121.8375,CHICO
1253265847012884480,edward,Don‚Äôt they know that sunlight kills the corona virus?,2020-04-23 10:13:57,[],https://twitter.com/respiratoryeddy/status/1253265847012884480,Coronavirus,39.7285,-121.8375,CHICO
1251995775804026883,Emily Flores üåµüõ∏üèú,Man I bet the first person who got corona virus is so embarrassed right now.,2020-04-19 22:07:08,[],https://twitter.com/FrickenEmily/status/1251995775804026883,Coronavirus,39.7285,-121.8375,CHICO
1251995775804026883,Emily Flores üåµüõ∏üèú,Man I bet the first person who got corona virus is so embarrassed right now.,2020-04-19 22:07:08,[],https://twitter.com/FrickenEmily/status/1251995775804026883,Coronavirus,39.7285,-121.8375,CHICO
1254341601758871552,Jose Cruz Aleman,Can mosquitos catch corona virus ,2020-04-26 09:28:37,[],https://twitter.com/ClutchCruz/status/1254341601758871552,Coronavirus,39.7285,-121.8375,CHICO
1254341601758871552,Jose Cruz Aleman,Can mosquitos catch corona virus ,2020-04-26 09:28:37,[],https://twitter.com/ClutchCruz/status/1254341601758871552,Coronavirus,39.7285,-121.8375,CHICO
1252605787903385600,Renoguy,"The oil industry took a massive nosedive on Monday amid the¬†coronavirus pandemic¬†and although it means American workers will likely lose their jobs, Rep.¬†Alexandria Ocasio-Cortez, D-NY, celebrated the move saying she absolutely love seeing this happen.
Turn Democratic scum. pic.twitter.com/9dy5Tgtykd",2020-04-21 14:31:06,[],https://twitter.com/renoguy69/status/1252605787903385600,Coronavirus,39.7285,-121.8375,CHICO
1252605787903385600,Renoguy,"The oil industry took a massive nosedive on Monday amid the¬†coronavirus pandemic¬†and although it means American workers will likely lose their jobs, Rep.¬†Alexandria Ocasio-Cortez, D-NY, celebrated the move saying she absolutely love seeing this happen.
Turn Democratic scum. pic.twitter.com/9dy5Tgtykd",2020-04-21 14:31:06,[],https://twitter.com/renoguy69/status/1252605787903385600,Coronavirus,39.7285,-121.8375,CHICO
1251645509111967745,George Knox III,Once this coronavirus is over I‚Äôm gonna to try to be the next candidate on the bachelor... wish me luck lol,2020-04-18 22:55:18,[],https://twitter.com/g_knox3/status/1251645509111967745,Coronavirus,39.7285,-121.8375,CHICO
1251645509111967745,George Knox III,Once this coronavirus is over I‚Äôm gonna to try to be the next candidate on the bachelor... wish me luck lol,2020-04-18 22:55:18,[],https://twitter.com/g_knox3/status/1251645509111967745,Coronavirus,39.7285,-121.8375,CHICO
1252813579960479744,RedwoodGirlInChico #GivePeopleMoney #CancelTheRent,"My DSA group is holding a weekly ""Quarantine with Comrades"" group call on Zoom to just hang out and chat. I've only called in once but it's a neat way to try to maintain and build relationships.",2020-04-22 04:16:48,[],https://twitter.com/RedwoodGirl/status/1252813579960479744,Quarantine,39.7285,-121.8375,CHICO
1252760517149687808,Riley's Bar,"Quarantine Day 36: when u realize you‚Äôll still be in quarantine on your birthday  ‚Å£
‚Å£
 Do this to help us feel better: send some birthday love to Riley‚Äôs Bar in a short video or photo and we‚Äôll feature it on our birthday this Saturday 4/25! ‚Å£
‚Å£ pic.twitter.com/0fkmUgG4vc",2020-04-22 00:45:57,[],https://twitter.com/RileysChico/status/1252760517149687808,Quarantine,39.7285,-121.8375,CHICO
1252813579960479744,RedwoodGirlInChico #GivePeopleMoney #CancelTheRent,"My DSA group is holding a weekly ""Quarantine with Comrades"" group call on Zoom to just hang out and chat. I've only called in once but it's a neat way to try to maintain and build relationships.",2020-04-22 04:16:48,[],https://twitter.com/RedwoodGirl/status/1252813579960479744,Quarantine,39.7285,-121.8375,CHICO
1252760517149687808,Riley's Bar,"Quarantine Day 36: when u realize you‚Äôll still be in quarantine on your birthday  ‚Å£
‚Å£
 Do this to help us feel better: send some birthday love to Riley‚Äôs Bar in a short video or photo and we‚Äôll feature it on our birthday this Saturday 4/25! ‚Å£
‚Å£ pic.twitter.com/0fkmUgG4vc",2020-04-22 00:45:57,[],https://twitter.com/RileysChico/status/1252760517149687808,Quarantine,39.7285,-121.8375,CHICO
1250208931260985344,Rosii.,My tattoo appointment keeps getting moved and I just want this whole quarantine thing to stop fucking up my life ,2020-04-14 23:46:51,[],https://twitter.com/rosiurruita/status/1250208931260985344,Quarantine,39.7285,-121.8375,CHICO
1250082126684254208,Ferris,Quarantine hangovers just hit different,2020-04-14 15:22:59,[],https://twitter.com/liz_buhler/status/1250082126684254208,Quarantine,39.7285,-121.8375,CHICO
1249915535329873921,trav,can‚Äôt wait for quarantine to be over so i can waste all my money on over priced coffee again,2020-04-14 04:21:00,[],https://twitter.com/travis_torborg/status/1249915535329873921,Quarantine,39.7285,-121.8375,CHICO
1249885639517995009,Emily Flores üåµüõ∏üèú,Anyone know what the obamas are up to in quarantine??,2020-04-14 02:22:12,[],https://twitter.com/FrickenEmily/status/1249885639517995009,Quarantine,39.7285,-121.8375,CHICO
1250208931260985344,Rosii.,My tattoo appointment keeps getting moved and I just want this whole quarantine thing to stop fucking up my life ,2020-04-14 23:46:51,[],https://twitter.com/rosiurruita/status/1250208931260985344,Quarantine,39.7285,-121.8375,CHICO
1250082126684254208,Ferris,Quarantine hangovers just hit different,2020-04-14 15:22:59,[],https://twitter.com/liz_buhler/status/1250082126684254208,Quarantine,39.7285,-121.8375,CHICO
1249915535329873921,trav,can‚Äôt wait for quarantine to be over so i can waste all my money on over priced coffee again,2020-04-14 04:21:00,[],https://twitter.com/travis_torborg/status/1249915535329873921,Quarantine,39.7285,-121.8375,CHICO
1249885639517995009,Emily Flores üåµüõ∏üèú,Anyone know what the obamas are up to in quarantine??,2020-04-14 02:22:12,[],https://twitter.com/FrickenEmily/status/1249885639517995009,Quarantine,39.7285,-121.8375,CHICO
1252746254217621504,ChicoSpeechCoach,"Quarantine Garden Day 1. We have big bell peppers, small colorful bell peppers, bodacious tomatoes (best name ever) and Romano tomatoes. Mint from last year that almost took over. Hoping‚Ä¶ https://www.instagram.com/p/B_Qw5mBjm46CPSg6fMmrQkFuxYxnARxIfkUqP40/?igshid=to3qnho3doiv¬†‚Ä¶",2020-04-21 23:49:16,[],https://twitter.com/2ndheartmom/status/1252746254217621504,Quarantine,39.7285,-121.8375,CHICO
1252733298750754821,general ber hams,LMAO IS THIS THE QUARANTINE TALKING ,2020-04-21 22:57:47,[],https://twitter.com/amberharms_/status/1252733298750754821,Quarantine,39.7285,-121.8375,CHICO
1252691537944670208,Lacey üåª ‚û≥ |-/,day ???? of quarantine pic.twitter.com/aweBcsLM33,2020-04-21 20:11:51,[],https://twitter.com/_lacey_michelle/status/1252691537944670208,Quarantine,39.7285,-121.8375,CHICO
1252417627189768194,Victoria Cline,"There are some good days among these stressful ones. I got my furlscrochet quarantine kit today! #virgohook #whimsmerino @ Chico, California https://www.instagram.com/p/B_ObdV8pJNy/?igshid=1grqqf55obf2y¬†‚Ä¶",2020-04-21 02:03:25,"['virgohook', 'whimsmerino']",https://twitter.com/tory1293/status/1252417627189768194,Quarantine,39.7285,-121.8375,CHICO
1252746254217621504,ChicoSpeechCoach,"Quarantine Garden Day 1. We have big bell peppers, small colorful bell peppers, bodacious tomatoes (best name ever) and Romano tomatoes. Mint from last year that almost took over. Hoping‚Ä¶ https://www.instagram.com/p/B_Qw5mBjm46CPSg6fMmrQkFuxYxnARxIfkUqP40/?igshid=to3qnho3doiv¬†‚Ä¶",2020-04-21 23:49:16,[],https://twitter.com/2ndheartmom/status/1252746254217621504,Quarantine,39.7285,-121.8375,CHICO
1252733298750754821,general ber hams,LMAO IS THIS THE QUARANTINE TALKING ,2020-04-21 22:57:47,[],https://twitter.com/amberharms_/status/1252733298750754821,Quarantine,39.7285,-121.8375,CHICO
1252691537944670208,Lacey üåª ‚û≥ |-/,day ???? of quarantine pic.twitter.com/aweBcsLM33,2020-04-21 20:11:51,[],https://twitter.com/_lacey_michelle/status/1252691537944670208,Quarantine,39.7285,-121.8375,CHICO
1252417627189768194,Victoria Cline,"There are some good days among these stressful ones. I got my furlscrochet quarantine kit today! #virgohook #whimsmerino @ Chico, California https://www.instagram.com/p/B_ObdV8pJNy/?igshid=1grqqf55obf2y¬†‚Ä¶",2020-04-21 02:03:25,"['virgohook', 'whimsmerino']",https://twitter.com/tory1293/status/1252417627189768194,Quarantine,39.7285,-121.8375,CHICO
1253419576026468355,Keto Guido,With this quarantine body I got going on right now I‚Äôm not going out til summer 2021,2020-04-23 20:24:48,[],https://twitter.com/lopezpedro21/status/1253419576026468355,Quarantine,39.7285,-121.8375,CHICO
1253167505431904259,chris,last quarantine isaac newton popped off and now everyone has to take calculus... please just play video games and watch netflix guys,2020-04-23 03:43:10,[],https://twitter.com/ChrisG375/status/1253167505431904259,Quarantine,39.7285,-121.8375,CHICO
1253163589977792512,quinn üå∑,I'm jealous of the people who are actually enjoying their quarantine.,2020-04-23 03:27:37,[],https://twitter.com/QuinnFong14/status/1253163589977792512,Quarantine,39.7285,-121.8375,CHICO
1253161187006492673,Ferris,Omg I‚Äôm in love with the dad across the street from me (we‚Äôre friendly neighbors only) ONLY bc he‚Äôs hilarious in this quarantine. Just walked passed my house drunk af and didn‚Äôt even see me. He‚Äôs goals for quarantine my dudes.,2020-04-23 03:18:04,[],https://twitter.com/liz_buhler/status/1253161187006492673,Quarantine,39.7285,-121.8375,CHICO
1253419576026468355,Keto Guido,With this quarantine body I got going on right now I‚Äôm not going out til summer 2021,2020-04-23 20:24:48,[],https://twitter.com/lopezpedro21/status/1253419576026468355,Quarantine,39.7285,-121.8375,CHICO
1253167505431904259,chris,last quarantine isaac newton popped off and now everyone has to take calculus... please just play video games and watch netflix guys,2020-04-23 03:43:10,[],https://twitter.com/ChrisG375/status/1253167505431904259,Quarantine,39.7285,-121.8375,CHICO
1253163589977792512,quinn üå∑,I'm jealous of the people who are actually enjoying their quarantine.,2020-04-23 03:27:37,[],https://twitter.com/QuinnFong14/status/1253163589977792512,Quarantine,39.7285,-121.8375,CHICO
1253161187006492673,Ferris,Omg I‚Äôm in love with the dad across the street from me (we‚Äôre friendly neighbors only) ONLY bc he‚Äôs hilarious in this quarantine. Just walked passed my house drunk af and didn‚Äôt even see me. He‚Äôs goals for quarantine my dudes.,2020-04-23 03:18:04,[],https://twitter.com/liz_buhler/status/1253161187006492673,Quarantine,39.7285,-121.8375,CHICO
1251602510785044480,Tim Hill,"The NBA playoffs would‚Äôve started today, Khabib and Tony would be happening.. This quarantine shit sucks...",2020-04-18 20:04:26,[],https://twitter.com/Tim_Hill33/status/1251602510785044480,Quarantine,39.7285,-121.8375,CHICO
1251378311600549889,Maggie Flores,I think I'm gonna re-download my dating apps. I'm getting lonely in quarantine ,2020-04-18 05:13:33,[],https://twitter.com/magflores001/status/1251378311600549889,Quarantine,39.7285,-121.8375,CHICO
1251374857427619840,Maggie Flores,I've been flirting with this dude about boobs for the past 30 minutes. What has quarantine turned me into? ,2020-04-18 04:59:50,[],https://twitter.com/magflores001/status/1251374857427619840,Quarantine,39.7285,-121.8375,CHICO
1251300667978706944,Riley's Bar,Quarantine Day 32: when all u have to look forward to is SundayFunday pic.twitter.com/4eMY4gvVzL,2020-04-18 00:05:01,[],https://twitter.com/RileysChico/status/1251300667978706944,Quarantine,39.7285,-121.8375,CHICO
1251602510785044480,Tim Hill,"The NBA playoffs would‚Äôve started today, Khabib and Tony would be happening.. This quarantine shit sucks...",2020-04-18 20:04:26,[],https://twitter.com/Tim_Hill33/status/1251602510785044480,Quarantine,39.7285,-121.8375,CHICO
1251378311600549889,Maggie Flores,I think I'm gonna re-download my dating apps. I'm getting lonely in quarantine ,2020-04-18 05:13:33,[],https://twitter.com/magflores001/status/1251378311600549889,Quarantine,39.7285,-121.8375,CHICO
1251374857427619840,Maggie Flores,I've been flirting with this dude about boobs for the past 30 minutes. What has quarantine turned me into? ,2020-04-18 04:59:50,[],https://twitter.com/magflores001/status/1251374857427619840,Quarantine,39.7285,-121.8375,CHICO
1251300667978706944,Riley's Bar,Quarantine Day 32: when all u have to look forward to is SundayFunday pic.twitter.com/4eMY4gvVzL,2020-04-18 00:05:01,[],https://twitter.com/RileysChico/status/1251300667978706944,Quarantine,39.7285,-121.8375,CHICO
1253738988868734976,Hannah Groteguth,Tik Tok has me thinking after quarantine everyone is gonna be wearing their diy tie dye clothes and drinking whipped coffee,2020-04-24 17:34:02,[],https://twitter.com/blonde_notbland/status/1253738988868734976,Quarantine,39.7285,-121.8375,CHICO
1253587708426858496,isabella,Ughh take me back to Chico where we don‚Äôt have to quarantine and I can go hiking at Bidwell  pic.twitter.com/SOo6wCHPiX,2020-04-24 07:32:54,[],https://twitter.com/itsbellaah/status/1253587708426858496,Quarantine,39.7285,-121.8375,CHICO
1253557630984839170,Victoria,"I‚Äôm doing full face at 10:30 at night, and I can‚Äôt get my lip gloss to open, and I swear to god I‚Äôm going to have an emotional melt down over this. That‚Äôs where we are folks. Day #? of quarantine. ",2020-04-24 05:33:23,[],https://twitter.com/vmthespian/status/1253557630984839170,Quarantine,39.7285,-121.8375,CHICO
1253738988868734976,Hannah Groteguth,Tik Tok has me thinking after quarantine everyone is gonna be wearing their diy tie dye clothes and drinking whipped coffee,2020-04-24 17:34:02,[],https://twitter.com/blonde_notbland/status/1253738988868734976,Quarantine,39.7285,-121.8375,CHICO
1253587708426858496,isabella,Ughh take me back to Chico where we don‚Äôt have to quarantine and I can go hiking at Bidwell  pic.twitter.com/SOo6wCHPiX,2020-04-24 07:32:54,[],https://twitter.com/itsbellaah/status/1253587708426858496,Quarantine,39.7285,-121.8375,CHICO
1253557630984839170,Victoria,"I‚Äôm doing full face at 10:30 at night, and I can‚Äôt get my lip gloss to open, and I swear to god I‚Äôm going to have an emotional melt down over this. That‚Äôs where we are folks. Day #? of quarantine. ",2020-04-24 05:33:23,[],https://twitter.com/vmthespian/status/1253557630984839170,Quarantine,39.7285,-121.8375,CHICO
1251986730321719297,Gabsü•Ä,Quarantine is so much easier when you like who you live with.  Like if I weren‚Äôt with Dish or Sarah I‚Äôd probably go crazy (George too) it‚Äôs definitely easier since we all enjoy each other‚Äôs company lol,2020-04-19 21:31:11,[],https://twitter.com/GaabbssM_/status/1251986730321719297,Quarantine,39.7285,-121.8375,CHICO
1251738274655121409,miguel Miranda,day 22 ¬†quarantine Ima wear my sunday league soccer jersey tomorrow  just to feel like as if I were to play,2020-04-19 05:03:55,[],https://twitter.com/Wiggle_Worm/status/1251738274655121409,Quarantine,39.7285,-121.8375,CHICO
1251687093492842497,queen of hell‚Ñ¢,All i want after this quarantine nonsense is season 2 of The Mandalorian and The Boys,2020-04-19 01:40:32,[],https://twitter.com/chezaabear/status/1251687093492842497,Quarantine,39.7285,-121.8375,CHICO
1251673909792960512,Timothy üòà,Drinking in my kitchen by myself BLASTING   music is so far my favorite thing to do during quarantine,2020-04-19 00:48:09,[],https://twitter.com/passive_llama/status/1251673909792960512,Quarantine,39.7285,-121.8375,CHICO
1251986730321719297,Gabsü•Ä,Quarantine is so much easier when you like who you live with.  Like if I weren‚Äôt with Dish or Sarah I‚Äôd probably go crazy (George too) it‚Äôs definitely easier since we all enjoy each other‚Äôs company lol,2020-04-19 21:31:11,[],https://twitter.com/GaabbssM_/status/1251986730321719297,Quarantine,39.7285,-121.8375,CHICO
1251738274655121409,miguel Miranda,day 22 ¬†quarantine Ima wear my sunday league soccer jersey tomorrow  just to feel like as if I were to play,2020-04-19 05:03:55,[],https://twitter.com/Wiggle_Worm/status/1251738274655121409,Quarantine,39.7285,-121.8375,CHICO
1251687093492842497,queen of hell‚Ñ¢,All i want after this quarantine nonsense is season 2 of The Mandalorian and The Boys,2020-04-19 01:40:32,[],https://twitter.com/chezaabear/status/1251687093492842497,Quarantine,39.7285,-121.8375,CHICO
1251673909792960512,Timothy üòà,Drinking in my kitchen by myself BLASTING   music is so far my favorite thing to do during quarantine,2020-04-19 00:48:09,[],https://twitter.com/passive_llama/status/1251673909792960512,Quarantine,39.7285,-121.8375,CHICO
1250899156563968000,ùïØùñÜùñìùñéùñäùñëùñëùñä,Hahahahahaha idk what else to call him besides quarantine boo & guy I bang ,2020-04-16 21:29:34,[],https://twitter.com/dtizzy_247/status/1250899156563968000,Quarantine,39.7285,-121.8375,CHICO
1250872465514835968,jwindz,Quarantine has come to me playing words w/ friends ,2020-04-16 19:43:30,[],https://twitter.com/CJWindsor3/status/1250872465514835968,Quarantine,39.7285,-121.8375,CHICO
1250834812480270336,gill,"‚ÄúWhy are you buying clothes? We‚Äôre in quarantine no one is gonna see them‚Äù 

Yes well I don‚Äôt think any of the frat boys I used to wear my new clothes around rlly noticed my new $70 top either so 

*complete order*",2020-04-16 17:13:53,[],https://twitter.com/_gillianwallace/status/1250834812480270336,Quarantine,39.7285,-121.8375,CHICO
1250663837419724801,Keyonc√© ‚ú®,Quarantine has made me an alcoholic. It ok,2020-04-16 05:54:29,[],https://twitter.com/Kianaalvarezz/status/1250663837419724801,Quarantine,39.7285,-121.8375,CHICO
1250899156563968000,ùïØùñÜùñìùñéùñäùñëùñëùñä,Hahahahahaha idk what else to call him besides quarantine boo & guy I bang ,2020-04-16 21:29:34,[],https://twitter.com/dtizzy_247/status/1250899156563968000,Quarantine,39.7285,-121.8375,CHICO
1250872465514835968,jwindz,Quarantine has come to me playing words w/ friends ,2020-04-16 19:43:30,[],https://twitter.com/CJWindsor3/status/1250872465514835968,Quarantine,39.7285,-121.8375,CHICO
1250834812480270336,gill,"‚ÄúWhy are you buying clothes? We‚Äôre in quarantine no one is gonna see them‚Äù 

Yes well I don‚Äôt think any of the frat boys I used to wear my new clothes around rlly noticed my new $70 top either so 

*complete order*",2020-04-16 17:13:53,[],https://twitter.com/_gillianwallace/status/1250834812480270336,Quarantine,39.7285,-121.8375,CHICO
1250663837419724801,Keyonc√© ‚ú®,Quarantine has made me an alcoholic. It ok,2020-04-16 05:54:29,[],https://twitter.com/Kianaalvarezz/status/1250663837419724801,Quarantine,39.7285,-121.8375,CHICO
1251224091660439552,MULLIN,I think I could probably go a day without my phone but during this quarantine there‚Äôs no way. #MADT307,2020-04-17 19:00:44,['MADT307'],https://twitter.com/_iMullinati_/status/1251224091660439552,Quarantine,39.7285,-121.8375,CHICO
1251171474578137088,Hannah Groteguth,A quarantine icon,2020-04-17 15:31:39,[],https://twitter.com/blonde_notbland/status/1251171474578137088,Quarantine,39.7285,-121.8375,CHICO
1250979821364142080,Patrica Hopper,"Periwinkle Skies...
.
.
.
#HopperHalfAcre #paradiseca #paradisecity #mountainlife #camfiresurvivor #campfire2018 #covid #covid19 #coronavirus #coronavirus2020 #quarantine #quarintinelife #quarintinelife2020 @ Town‚Ä¶ https://www.instagram.com/p/B_ENnp0ghJE/?igshid=1ibd1s8r66so9¬†‚Ä¶",2020-04-17 02:50:06,"['HopperHalfAcre', 'paradiseca', 'paradisecity', 'mountainlife', 'camfiresurvivor', 'campfire2018', 'covid', 'covid19', 'coronavirus', 'coronavirus2020', 'quarantine', 'quarintinelife', 'quarintinelife2020']",https://twitter.com/tricalee3/status/1250979821364142080,Quarantine,39.7285,-121.8375,CHICO
1250945502805479425,nat,"During these boring days in  quarantine, I would rather make money ",2020-04-17 00:33:43,[],https://twitter.com/Ayye_Nat/status/1250945502805479425,Quarantine,39.7285,-121.8375,CHICO
1251224091660439552,MULLIN,I think I could probably go a day without my phone but during this quarantine there‚Äôs no way. #MADT307,2020-04-17 19:00:44,['MADT307'],https://twitter.com/_iMullinati_/status/1251224091660439552,Quarantine,39.7285,-121.8375,CHICO
1251171474578137088,Hannah Groteguth,A quarantine icon,2020-04-17 15:31:39,[],https://twitter.com/blonde_notbland/status/1251171474578137088,Quarantine,39.7285,-121.8375,CHICO
1250979821364142080,Patrica Hopper,"Periwinkle Skies...
.
.
.
#HopperHalfAcre #paradiseca #paradisecity #mountainlife #camfiresurvivor #campfire2018 #covid #covid19 #coronavirus #coronavirus2020 #quarantine #quarintinelife #quarintinelife2020 @ Town‚Ä¶ https://www.instagram.com/p/B_ENnp0ghJE/?igshid=1ibd1s8r66so9¬†‚Ä¶",2020-04-17 02:50:06,"['HopperHalfAcre', 'paradiseca', 'paradisecity', 'mountainlife', 'camfiresurvivor', 'campfire2018', 'covid', 'covid19', 'coronavirus', 'coronavirus2020', 'quarantine', 'quarintinelife', 'quarintinelife2020']",https://twitter.com/tricalee3/status/1250979821364142080,Quarantine,39.7285,-121.8375,CHICO
1250945502805479425,nat,"During these boring days in  quarantine, I would rather make money ",2020-04-17 00:33:43,[],https://twitter.com/Ayye_Nat/status/1250945502805479425,Quarantine,39.7285,-121.8375,CHICO
1250571690918047744,tim linnet,Now that‚Äôs some good ol‚Äô quarantine humor  https://twitter.com/kieransofar/status/1250544535631024128¬†‚Ä¶,2020-04-15 23:48:20,[],https://twitter.com/LinnetTim/status/1250571690918047744,Quarantine,39.7285,-121.8375,CHICO
1250513232269197313,Phoebe but without the ‚Äúo‚Äù,"This is my quarantine project, I think it‚Äôs going well so far! pic.twitter.com/N3mKEWzIot",2020-04-15 19:56:02,[],https://twitter.com/Phebae18/status/1250513232269197313,Quarantine,39.7285,-121.8375,CHICO
1250512157394919424,jacob THEE BITCH,aweeeeee this is so sweet!! After quarantine we are gonna fuck some shit up love,2020-04-15 19:51:46,[],https://twitter.com/sovietbaddie/status/1250512157394919424,Quarantine,39.7285,-121.8375,CHICO
1250492898388262914,gill,I have 100% confidence when I say the song ‚Äúmask off‚Äù will rise to the top of the charts when quarantine is over,2020-04-15 18:35:14,[],https://twitter.com/_gillianwallace/status/1250492898388262914,Quarantine,39.7285,-121.8375,CHICO
1250426155213017094,Alberto Gomez,"The numbers are being exaggerated to justify this insane and needless quarantine.  

 @realDonaldTrump really has his hands tied because it is better to do too much than not enough.  Otherwise every single death will be blamed on him.  
https://twitter.com/IngrahamAngle/status/1250207186862714882¬†‚Ä¶",2020-04-15 14:10:01,[],https://twitter.com/gomezdad/status/1250426155213017094,Quarantine,39.7285,-121.8375,CHICO
1250317517257445381,do√±a pepo,"Out of all the bad things that came out of quarantine, practicing being drunk is the best parts of it tbh I‚Äôve been LIVVVVVVVIIINNNNNN this whole time  vibin w my baby all quarantine long‚Ä¶ https://www.instagram.com/p/B-_gb_LHnx3iRqopXa6S3gD4bnNtKEowm-Xgak0/?igshid=l9dycxva1h3b¬†‚Ä¶",2020-04-15 06:58:20,[],https://twitter.com/luloveslemons/status/1250317517257445381,Quarantine,39.7285,-121.8375,CHICO
1250224331319197696,Kyleigh Fertitta,wow this quarantine has really been making me hate myself for no reason,2020-04-15 00:48:03,[],https://twitter.com/Kyleighisabella/status/1250224331319197696,Quarantine,39.7285,-121.8375,CHICO
1250571690918047744,tim linnet,Now that‚Äôs some good ol‚Äô quarantine humor  https://twitter.com/kieransofar/status/1250544535631024128¬†‚Ä¶,2020-04-15 23:48:20,[],https://twitter.com/LinnetTim/status/1250571690918047744,Quarantine,39.7285,-121.8375,CHICO
1250513232269197313,Phoebe but without the ‚Äúo‚Äù,"This is my quarantine project, I think it‚Äôs going well so far! pic.twitter.com/N3mKEWzIot",2020-04-15 19:56:02,[],https://twitter.com/Phebae18/status/1250513232269197313,Quarantine,39.7285,-121.8375,CHICO
1250512157394919424,jacob THEE BITCH,aweeeeee this is so sweet!! After quarantine we are gonna fuck some shit up love,2020-04-15 19:51:46,[],https://twitter.com/sovietbaddie/status/1250512157394919424,Quarantine,39.7285,-121.8375,CHICO
1250492898388262914,gill,I have 100% confidence when I say the song ‚Äúmask off‚Äù will rise to the top of the charts when quarantine is over,2020-04-15 18:35:14,[],https://twitter.com/_gillianwallace/status/1250492898388262914,Quarantine,39.7285,-121.8375,CHICO
1250426155213017094,Alberto Gomez,"The numbers are being exaggerated to justify this insane and needless quarantine.  

 @realDonaldTrump really has his hands tied because it is better to do too much than not enough.  Otherwise every single death will be blamed on him.  
https://twitter.com/IngrahamAngle/status/1250207186862714882¬†‚Ä¶",2020-04-15 14:10:01,[],https://twitter.com/gomezdad/status/1250426155213017094,Quarantine,39.7285,-121.8375,CHICO
1250317517257445381,do√±a pepo,"Out of all the bad things that came out of quarantine, practicing being drunk is the best parts of it tbh I‚Äôve been LIVVVVVVVIIINNNNNN this whole time  vibin w my baby all quarantine long‚Ä¶ https://www.instagram.com/p/B-_gb_LHnx3iRqopXa6S3gD4bnNtKEowm-Xgak0/?igshid=l9dycxva1h3b¬†‚Ä¶",2020-04-15 06:58:20,[],https://twitter.com/luloveslemons/status/1250317517257445381,Quarantine,39.7285,-121.8375,CHICO
1250224331319197696,Kyleigh Fertitta,wow this quarantine has really been making me hate myself for no reason,2020-04-15 00:48:03,[],https://twitter.com/Kyleighisabella/status/1250224331319197696,Quarantine,39.7285,-121.8375,CHICO
1254503602350993408,nat,"Just because shops are opening and quarantine is being lifted little by little, don‚Äôt mean COVID-19 is going away. They just don‚Äôt wanna give people anymore money dummy‚Äôs",2020-04-26 20:12:21,[],https://twitter.com/Ayye_Nat/status/1254503602350993408,Quarantine,39.7285,-121.8375,CHICO
1254489449271922688,ùìú.,Quarantine detox,2020-04-26 19:16:06,[],https://twitter.com/maryferxsalas/status/1254489449271922688,Quarantine,39.7285,-121.8375,CHICO
1254433402415022080,Alberto Gomez,"This is insane!  #Fredo @ChrisCuomo was not only out WHILE INFECTED but he was unmasked(which makes sense of he would be unrecognizable).

-threatens older gent for calling him on him on unsafe behavior.

-Finally, fakes being in quarantine the ENTIRE TIME.

How sad! @CNN https://twitter.com/CalebJHull/status/1253849059577794560¬†‚Ä¶",2020-04-26 15:33:24,['Fredo'],https://twitter.com/gomezdad/status/1254433402415022080,Quarantine,39.7285,-121.8375,CHICO
1254208541621018624,Riley's Bar,"quarantine-closed on our 34th birthday today, so the next best thing: sunday funday 4/26 Riley‚Äôs take-out, including $5 pitchers of cocktails to-go while supplies last!  pic.twitter.com/GOlFXSWpxr",2020-04-26 00:39:53,[],https://twitter.com/RileysChico/status/1254208541621018624,Quarantine,39.7285,-121.8375,CHICO
1254503602350993408,nat,"Just because shops are opening and quarantine is being lifted little by little, don‚Äôt mean COVID-19 is going away. They just don‚Äôt wanna give people anymore money dummy‚Äôs",2020-04-26 20:12:21,[],https://twitter.com/Ayye_Nat/status/1254503602350993408,Quarantine,39.7285,-121.8375,CHICO
1254489449271922688,ùìú.,Quarantine detox,2020-04-26 19:16:06,[],https://twitter.com/maryferxsalas/status/1254489449271922688,Quarantine,39.7285,-121.8375,CHICO
1254433402415022080,Alberto Gomez,"This is insane!  #Fredo @ChrisCuomo was not only out WHILE INFECTED but he was unmasked(which makes sense of he would be unrecognizable).

-threatens older gent for calling him on him on unsafe behavior.

-Finally, fakes being in quarantine the ENTIRE TIME.

How sad! @CNN https://twitter.com/CalebJHull/status/1253849059577794560¬†‚Ä¶",2020-04-26 15:33:24,['Fredo'],https://twitter.com/gomezdad/status/1254433402415022080,Quarantine,39.7285,-121.8375,CHICO
1254208541621018624,Riley's Bar,"quarantine-closed on our 34th birthday today, so the next best thing: sunday funday 4/26 Riley‚Äôs take-out, including $5 pitchers of cocktails to-go while supplies last!  pic.twitter.com/GOlFXSWpxr",2020-04-26 00:39:53,[],https://twitter.com/RileysChico/status/1254208541621018624,Quarantine,39.7285,-121.8375,CHICO
1254196396132929540,Justin Couchot,Quarantine update: knitting. Was asked by someone in Walmart what I was knitting when buying the needles? My response: IDK! Something dark green? I finally have time to pick up something I enjoyed learning in my home ec class in high school?? Here it goes!,2020-04-25 23:51:37,[],https://twitter.com/JCouchot_Sports/status/1254196396132929540,Quarantine,39.7285,-121.8375,CHICO
1254122911910092800,mari t.,boys will shotgun a four loko during quarantine but won‚Äôt eat pussy without you asking first smh,2020-04-25 18:59:37,[],https://twitter.com/Mari_Tzomes/status/1254122911910092800,Quarantine,39.7285,-121.8375,CHICO
1254096177563267072,A War,I actually just got a quarantine ‚ÄúMiss you‚Äù text and I really can‚Äôt explain my level of frustration and confusion.,2020-04-25 17:13:23,[],https://twitter.com/uh_leese/status/1254096177563267072,Quarantine,39.7285,-121.8375,CHICO
1254196396132929540,Justin Couchot,Quarantine update: knitting. Was asked by someone in Walmart what I was knitting when buying the needles? My response: IDK! Something dark green? I finally have time to pick up something I enjoyed learning in my home ec class in high school?? Here it goes!,2020-04-25 23:51:37,[],https://twitter.com/JCouchot_Sports/status/1254196396132929540,Quarantine,39.7285,-121.8375,CHICO
1254122911910092800,mari t.,boys will shotgun a four loko during quarantine but won‚Äôt eat pussy without you asking first smh,2020-04-25 18:59:37,[],https://twitter.com/Mari_Tzomes/status/1254122911910092800,Quarantine,39.7285,-121.8375,CHICO
1254096177563267072,A War,I actually just got a quarantine ‚ÄúMiss you‚Äù text and I really can‚Äôt explain my level of frustration and confusion.,2020-04-25 17:13:23,[],https://twitter.com/uh_leese/status/1254096177563267072,Quarantine,39.7285,-121.8375,CHICO
1250979821364142080,Patrica Hopper,"Periwinkle Skies...
.
.
.
#HopperHalfAcre #paradiseca #paradisecity #mountainlife #camfiresurvivor #campfire2018 #covid #covid19 #coronavirus #coronavirus2020 #quarantine #quarintinelife #quarintinelife2020 @ Town‚Ä¶ https://www.instagram.com/p/B_ENnp0ghJE/?igshid=1ibd1s8r66so9¬†‚Ä¶",2020-04-17 02:50:06,"['HopperHalfAcre', 'paradiseca', 'paradisecity', 'mountainlife', 'camfiresurvivor', 'campfire2018', 'covid', 'covid19', 'coronavirus', 'coronavirus2020', 'quarantine', 'quarintinelife', 'quarintinelife2020']",https://twitter.com/tricalee3/status/1250979821364142080,#COVID,39.7285,-121.8375,CHICO
1250979821364142080,Patrica Hopper,"Periwinkle Skies...
.
.
.
#HopperHalfAcre #paradiseca #paradisecity #mountainlife #camfiresurvivor #campfire2018 #covid #covid19 #coronavirus #coronavirus2020 #quarantine #quarintinelife #quarintinelife2020 @ Town‚Ä¶ https://www.instagram.com/p/B_ENnp0ghJE/?igshid=1ibd1s8r66so9¬†‚Ä¶",2020-04-17 02:50:06,"['HopperHalfAcre', 'paradiseca', 'paradisecity', 'mountainlife', 'camfiresurvivor', 'campfire2018', 'covid', 'covid19', 'coronavirus', 'coronavirus2020', 'quarantine', 'quarintinelife', 'quarintinelife2020']",https://twitter.com/tricalee3/status/1250979821364142080,#COVID,39.7285,-121.8375,CHICO
1253107097161457664,Joe Doudna,"Very funny @safeway... 

#covid_19 #covid #rationingpic.twitter.com/uqiQFOeD9S",2020-04-22 23:43:08,"['covid_19', 'covid', 'rationingpic']",https://twitter.com/JoeDoudna/status/1253107097161457664,#COVID,39.7285,-121.8375,CHICO
1253107097161457664,Joe Doudna,"Very funny @safeway... 

#covid_19 #covid #rationingpic.twitter.com/uqiQFOeD9S",2020-04-22 23:43:08,"['covid_19', 'covid', 'rationingpic']",https://twitter.com/JoeDoudna/status/1253107097161457664,#COVID,39.7285,-121.8375,CHICO
1252660632371040257,Patrica Hopper,"Jumping in on that #homeschoollife!
.
.
.
#IggyPup #corona #covid #stayinghome #dogslife #dogpuzzles #dogsofinstagram @ Paradise, California https://www.instagram.com/p/B_QJ9uoApvW/?igshid=baie0dlmhku0¬†‚Ä¶",2020-04-21 18:09:02,"['homeschoollife', 'IggyPup', 'corona', 'covid', 'stayinghome', 'dogslife', 'dogpuzzles', 'dogsofinstagram']",https://twitter.com/tricalee3/status/1252660632371040257,#COVID,39.7285,-121.8375,CHICO
1252660632371040257,Patrica Hopper,"Jumping in on that #homeschoollife!
.
.
.
#IggyPup #corona #covid #stayinghome #dogslife #dogpuzzles #dogsofinstagram @ Paradise, California https://www.instagram.com/p/B_QJ9uoApvW/?igshid=baie0dlmhku0¬†‚Ä¶",2020-04-21 18:09:02,"['homeschoollife', 'IggyPup', 'corona', 'covid', 'stayinghome', 'dogslife', 'dogpuzzles', 'dogsofinstagram']",https://twitter.com/tricalee3/status/1252660632371040257,#COVID,39.7285,-121.8375,CHICO
1252429352517566464,John Sagers,"An update from yesterday: As of this morning, according to Action News Now, there are three NorCal counties with 0 confirmed cases of covid-19. Open then, Gavin. Be a humanitarian.",2020-04-21 02:50:01,[],https://twitter.com/JohnSagers8/status/1252429352517566464,#COVID-19,39.7285,-121.8375,CHICO
1252429352517566464,John Sagers,"An update from yesterday: As of this morning, according to Action News Now, there are three NorCal counties with 0 confirmed cases of covid-19. Open then, Gavin. Be a humanitarian.",2020-04-21 02:50:01,[],https://twitter.com/JohnSagers8/status/1252429352517566464,#COVID-19,39.7285,-121.8375,CHICO
1251278961532780545,Whaley Good Student,I will have so much to make up for when COVID-19 subsides,2020-04-17 22:38:46,[],https://twitter.com/anthro_andrew/status/1251278961532780545,#COVID-19,39.7285,-121.8375,CHICO
1251278961532780545,Whaley Good Student,I will have so much to make up for when COVID-19 subsides,2020-04-17 22:38:46,[],https://twitter.com/anthro_andrew/status/1251278961532780545,#COVID-19,39.7285,-121.8375,CHICO
1249960204457967616,Said In Wood,"Has anyone had to postpone their wedding due to Covid-19?? 

I miss wedding season :( 

Usually, wedding orders are rolling in right now. And I'm so sad they aren't thinking about all of the brides who now have to‚Ä¶ https://www.instagram.com/p/B-898sWpx-Y/?igshid=108onttakvtx0¬†‚Ä¶",2020-04-14 07:18:30,[],https://twitter.com/saidinwood/status/1249960204457967616,#COVID-19,39.7285,-121.8375,CHICO
1249906168513933313,fhdphotography,"Use of cloth face coverings will help slow the spread of Covid-19...
‚Äúthank you Patty‚Äù

stay home  stay safe
visit my new website link in bio 
.
.
.
.
.
#yosemitevalley #mountains #hikemore #goforahike‚Ä¶ https://www.instagram.com/p/B-8lX-tHMlY/?igshid=1x5lrz7vugwfg¬†‚Ä¶",2020-04-14 03:43:47,"['yosemitevalley', 'mountains', 'hikemore', 'goforahike']",https://twitter.com/heywoodphotog/status/1249906168513933313,#COVID-19,39.7285,-121.8375,CHICO
1249960204457967616,Said In Wood,"Has anyone had to postpone their wedding due to Covid-19?? 

I miss wedding season :( 

Usually, wedding orders are rolling in right now. And I'm so sad they aren't thinking about all of the brides who now have to‚Ä¶ https://www.instagram.com/p/B-898sWpx-Y/?igshid=108onttakvtx0¬†‚Ä¶",2020-04-14 07:18:30,[],https://twitter.com/saidinwood/status/1249960204457967616,#COVID-19,39.7285,-121.8375,CHICO
1249906168513933313,fhdphotography,"Use of cloth face coverings will help slow the spread of Covid-19...
‚Äúthank you Patty‚Äù

stay home  stay safe
visit my new website link in bio 
.
.
.
.
.
#yosemitevalley #mountains #hikemore #goforahike‚Ä¶ https://www.instagram.com/p/B-8lX-tHMlY/?igshid=1x5lrz7vugwfg¬†‚Ä¶",2020-04-14 03:43:47,"['yosemitevalley', 'mountains', 'hikemore', 'goforahike']",https://twitter.com/heywoodphotog/status/1249906168513933313,#COVID-19,39.7285,-121.8375,CHICO
1254503602350993408,nat,"Just because shops are opening and quarantine is being lifted little by little, don‚Äôt mean COVID-19 is going away. They just don‚Äôt wanna give people anymore money dummy‚Äôs",2020-04-26 20:12:21,[],https://twitter.com/Ayye_Nat/status/1254503602350993408,#COVID-19,39.7285,-121.8375,CHICO
1254503602350993408,nat,"Just because shops are opening and quarantine is being lifted little by little, don‚Äôt mean COVID-19 is going away. They just don‚Äôt wanna give people anymore money dummy‚Äôs",2020-04-26 20:12:21,[],https://twitter.com/Ayye_Nat/status/1254503602350993408,#COVID-19,39.7285,-121.8375,CHICO
1250558632359534593,Kimberlee Kelley,"In support of the class of 2020, the seniors who had their senior activities suspended by COVID-19, change your profile picture to YOUR senior photo, no matter how old you are!

Send all my love the the seniors! ‚Ä¶ https://www.instagram.com/p/B_BOFhxAdSs/?igshid=1x86gds5bgr3r¬†‚Ä¶",2020-04-15 22:56:26,[],https://twitter.com/FroggyGirl1983/status/1250558632359534593,#COVID-19,39.7285,-121.8375,CHICO
1250558632359534593,Kimberlee Kelley,"In support of the class of 2020, the seniors who had their senior activities suspended by COVID-19, change your profile picture to YOUR senior photo, no matter how old you are!

Send all my love the the seniors! ‚Ä¶ https://www.instagram.com/p/B_BOFhxAdSs/?igshid=1x86gds5bgr3r¬†‚Ä¶",2020-04-15 22:56:26,[],https://twitter.com/FroggyGirl1983/status/1250558632359534593,#COVID-19,39.7285,-121.8375,CHICO
1252046911873245184,John Sagers,The covid-19 virus may or may not recur seasonally; Joe Biden learned outbreak management from Barry Obama. Wouldn't Donald Trump be the better choice?,2020-04-20 01:30:20,[],https://twitter.com/JohnSagers8/status/1252046911873245184,#COVID-19,39.7285,-121.8375,CHICO
1252046911873245184,John Sagers,The covid-19 virus may or may not recur seasonally; Joe Biden learned outbreak management from Barry Obama. Wouldn't Donald Trump be the better choice?,2020-04-20 01:30:20,[],https://twitter.com/JohnSagers8/status/1252046911873245184,#COVID-19,39.7285,-121.8375,CHICO
1253764106382749696,Colusa County Office of Education,"The 2020 3+ Club Scholastic Recognition Day scheduled for Thursday, June 11 has been cancelled due to the COVID-19 situation. We look forward to continuing this tradition in 2021. pic.twitter.com/vYVSmXLMRe",2020-04-24 19:13:51,[],https://twitter.com/ColusaCOE/status/1253764106382749696,#COVID-19,39.7285,-121.8375,CHICO
1253514645777772545,David Prest,@realDonaldTrump @DOJPH @GavinNewsom EBay based out of California supports black marketing sells when people are already struggling to pay bills and being scared to death by government officials on the covid 19 virus!! eBay support Price gouging makes me sick pic.twitter.com/80bNZ5THos,2020-04-24 02:42:35,[],https://twitter.com/DavidPrest2016/status/1253514645777772545,#COVID-19,39.7285,-121.8375,CHICO
1253764106382749696,Colusa County Office of Education,"The 2020 3+ Club Scholastic Recognition Day scheduled for Thursday, June 11 has been cancelled due to the COVID-19 situation. We look forward to continuing this tradition in 2021. pic.twitter.com/vYVSmXLMRe",2020-04-24 19:13:51,[],https://twitter.com/ColusaCOE/status/1253764106382749696,#COVID-19,39.7285,-121.8375,CHICO
1253514645777772545,David Prest,@realDonaldTrump @DOJPH @GavinNewsom EBay based out of California supports black marketing sells when people are already struggling to pay bills and being scared to death by government officials on the covid 19 virus!! eBay support Price gouging makes me sick pic.twitter.com/80bNZ5THos,2020-04-24 02:42:35,[],https://twitter.com/DavidPrest2016/status/1253514645777772545,#COVID-19,39.7285,-121.8375,CHICO
1253107097161457664,Joe Doudna,"Very funny @safeway... 

#covid_19 #covid #rationingpic.twitter.com/uqiQFOeD9S",2020-04-22 23:43:08,"['covid_19', 'covid', 'rationingpic']",https://twitter.com/JoeDoudna/status/1253107097161457664,#COVID-19,39.7285,-121.8375,CHICO
1252954076968398849,"Chris Hayashida-Knight, PhD","CNN: How San Francisco's quirky politics gave California an edge in the Covid-19 fight.
https://www.cnn.com/2020/04/21/opinions/san-francisco-california-covid-19-response-mitchell/index.html¬†‚Ä¶

via @GoogleNews",2020-04-22 13:35:05,[],https://twitter.com/chhknight/status/1252954076968398849,#COVID-19,39.7285,-121.8375,CHICO
1253107097161457664,Joe Doudna,"Very funny @safeway... 

#covid_19 #covid #rationingpic.twitter.com/uqiQFOeD9S",2020-04-22 23:43:08,"['covid_19', 'covid', 'rationingpic']",https://twitter.com/JoeDoudna/status/1253107097161457664,#COVID-19,39.7285,-121.8375,CHICO
1252954076968398849,"Chris Hayashida-Knight, PhD","CNN: How San Francisco's quirky politics gave California an edge in the Covid-19 fight.
https://www.cnn.com/2020/04/21/opinions/san-francisco-california-covid-19-response-mitchell/index.html¬†‚Ä¶

via @GoogleNews",2020-04-22 13:35:05,[],https://twitter.com/chhknight/status/1252954076968398849,#COVID-19,39.7285,-121.8375,CHICO
1253469488269279232,Eric Richter,"Just listened to an outtake from trumps press conference today, sounds like you might be the next cure for covid 19??? ",2020-04-23 23:43:08,[],https://twitter.com/ericcarlrichter/status/1253469488269279232,#COVID-19,39.7285,-121.8375,CHICO
1253468953973624833,Nate,As @mikepompeo said yesterday on @NewsHour yesterday about China being autocratic and lying. The @realDonaldTrump lied his way through the early days and weeks of Covid-19 costing so many lives. https://twitter.com/robreiner/status/1253457774630932486¬†‚Ä¶,2020-04-23 23:41:01,[],https://twitter.com/KingArt99/status/1253468953973624833,#COVID-19,39.7285,-121.8375,CHICO
1253147983991803904,pendejaüå∫,"That government is the same gov‚Äôt that urges immigrants to apply for citizenship legally, but penalizes those who are doing everything in their power (citizenship is a LENGTHY process) while a majority of services are shutdown due to covid-19. https://twitter.com/latimes/status/1252396990429687810¬†‚Ä¶",2020-04-23 02:25:36,[],https://twitter.com/marisolmorenooo/status/1253147983991803904,#COVID-19,39.7285,-121.8375,CHICO
1253469488269279232,Eric Richter,"Just listened to an outtake from trumps press conference today, sounds like you might be the next cure for covid 19??? ",2020-04-23 23:43:08,[],https://twitter.com/ericcarlrichter/status/1253469488269279232,#COVID-19,39.7285,-121.8375,CHICO
1253468953973624833,Nate,As @mikepompeo said yesterday on @NewsHour yesterday about China being autocratic and lying. The @realDonaldTrump lied his way through the early days and weeks of Covid-19 costing so many lives. https://twitter.com/robreiner/status/1253457774630932486¬†‚Ä¶,2020-04-23 23:41:01,[],https://twitter.com/KingArt99/status/1253468953973624833,#COVID-19,39.7285,-121.8375,CHICO
1253147983991803904,pendejaüå∫,"That government is the same gov‚Äôt that urges immigrants to apply for citizenship legally, but penalizes those who are doing everything in their power (citizenship is a LENGTHY process) while a majority of services are shutdown due to covid-19. https://twitter.com/latimes/status/1252396990429687810¬†‚Ä¶",2020-04-23 02:25:36,[],https://twitter.com/marisolmorenooo/status/1253147983991803904,#COVID-19,39.7285,-121.8375,CHICO
1250979821364142080,Patrica Hopper,"Periwinkle Skies...
.
.
.
#HopperHalfAcre #paradiseca #paradisecity #mountainlife #camfiresurvivor #campfire2018 #covid #covid19 #coronavirus #coronavirus2020 #quarantine #quarintinelife #quarintinelife2020 @ Town‚Ä¶ https://www.instagram.com/p/B_ENnp0ghJE/?igshid=1ibd1s8r66so9¬†‚Ä¶",2020-04-17 02:50:06,"['HopperHalfAcre', 'paradiseca', 'paradisecity', 'mountainlife', 'camfiresurvivor', 'campfire2018', 'covid', 'covid19', 'coronavirus', 'coronavirus2020', 'quarantine', 'quarintinelife', 'quarintinelife2020']",https://twitter.com/tricalee3/status/1250979821364142080,#quarantine,39.7285,-121.8375,CHICO
1250979821364142080,Patrica Hopper,"Periwinkle Skies...
.
.
.
#HopperHalfAcre #paradiseca #paradisecity #mountainlife #camfiresurvivor #campfire2018 #covid #covid19 #coronavirus #coronavirus2020 #quarantine #quarintinelife #quarintinelife2020 @ Town‚Ä¶ https://www.instagram.com/p/B_ENnp0ghJE/?igshid=1ibd1s8r66so9¬†‚Ä¶",2020-04-17 02:50:06,"['HopperHalfAcre', 'paradiseca', 'paradisecity', 'mountainlife', 'camfiresurvivor', 'campfire2018', 'covid', 'covid19', 'coronavirus', 'coronavirus2020', 'quarantine', 'quarintinelife', 'quarintinelife2020']",https://twitter.com/tricalee3/status/1250979821364142080,#quarantine,39.7285,-121.8375,CHICO
1250979821364142080,Patrica Hopper,"Periwinkle Skies...
.
.
.
#HopperHalfAcre #paradiseca #paradisecity #mountainlife #camfiresurvivor #campfire2018 #covid #covid19 #coronavirus #coronavirus2020 #quarantine #quarintinelife #quarintinelife2020 @ Town‚Ä¶ https://www.instagram.com/p/B_ENnp0ghJE/?igshid=1ibd1s8r66so9¬†‚Ä¶",2020-04-17 02:50:06,"['HopperHalfAcre', 'paradiseca', 'paradisecity', 'mountainlife', 'camfiresurvivor', 'campfire2018', 'covid', 'covid19', 'coronavirus', 'coronavirus2020', 'quarantine', 'quarintinelife', 'quarintinelife2020']",https://twitter.com/tricalee3/status/1250979821364142080,#Quarantine,39.7285,-121.8375,CHICO
1250979821364142080,Patrica Hopper,"Periwinkle Skies...
.
.
.
#HopperHalfAcre #paradiseca #paradisecity #mountainlife #camfiresurvivor #campfire2018 #covid #covid19 #coronavirus #coronavirus2020 #quarantine #quarintinelife #quarintinelife2020 @ Town‚Ä¶ https://www.instagram.com/p/B_ENnp0ghJE/?igshid=1ibd1s8r66so9¬†‚Ä¶",2020-04-17 02:50:06,"['HopperHalfAcre', 'paradiseca', 'paradisecity', 'mountainlife', 'camfiresurvivor', 'campfire2018', 'covid', 'covid19', 'coronavirus', 'coronavirus2020', 'quarantine', 'quarintinelife', 'quarintinelife2020']",https://twitter.com/tricalee3/status/1250979821364142080,#Quarantine,39.7285,-121.8375,CHICO
1253857094698012672,Aaron D.,"Even without the #COVID19 risk, that‚Äôs not a good reason....",2020-04-25 01:23:21,['COVID19'],https://twitter.com/InsideEvil/status/1253857094698012672,#covid19,39.7285,-121.8375,CHICO
1253857094698012672,Aaron D.,"Even without the #COVID19 risk, that‚Äôs not a good reason....",2020-04-25 01:23:21,['COVID19'],https://twitter.com/InsideEvil/status/1253857094698012672,#covid19,39.7285,-121.8375,CHICO
1250824431414374401,Nick Sheppard,"I miss casinos,  5  hotels and being treated like royalty. What do you miss during this madness? #ShelterInPlace #COVID19 #COVIDIOTS",2020-04-16 16:32:38,"['ShelterInPlace', 'COVID19', 'COVIDIOTS']",https://twitter.com/Shep_I_Am/status/1250824431414374401,#covid19,39.7285,-121.8375,CHICO
1250824431414374401,Nick Sheppard,"I miss casinos,  5  hotels and being treated like royalty. What do you miss during this madness? #ShelterInPlace #COVID19 #COVIDIOTS",2020-04-16 16:32:38,"['ShelterInPlace', 'COVID19', 'COVIDIOTS']",https://twitter.com/Shep_I_Am/status/1250824431414374401,#covid19,39.7285,-121.8375,CHICO
1252816816608436226,üçÇTruman Hugh üçÅüçÇ,"Why is Michael Cohen released years early because of #COVID19, but Reality Winner remains at risk??",2020-04-22 04:29:39,['COVID19'],https://twitter.com/TrumanHugh/status/1252816816608436226,#covid19,39.7285,-121.8375,CHICO
1252816816608436226,üçÇTruman Hugh üçÅüçÇ,"Why is Michael Cohen released years early because of #COVID19, but Reality Winner remains at risk??",2020-04-22 04:29:39,['COVID19'],https://twitter.com/TrumanHugh/status/1252816816608436226,#covid19,39.7285,-121.8375,CHICO
1253115411161165826,Joe Doudna,#COVID19 pic.twitter.com/91mVWvSFMZ,2020-04-23 00:16:10,['COVID19'],https://twitter.com/JoeDoudna/status/1253115411161165826,#covid19,39.7285,-121.8375,CHICO
1253115411161165826,Joe Doudna,#COVID19 pic.twitter.com/91mVWvSFMZ,2020-04-23 00:16:10,['COVID19'],https://twitter.com/JoeDoudna/status/1253115411161165826,#covid19,39.7285,-121.8375,CHICO
1252097160201383936,Whaley Good Student,"I'm Drew, I study wildlife conservation (whale watching + other ecotourism) through the eyes of the anthropologist; #COVID19 understandably paused all of my fieldwork at the moment so I've had to invent new ways of conducting research!",2020-04-20 04:50:00,['COVID19'],https://twitter.com/anthro_andrew/status/1252097160201383936,#covid19,39.7285,-121.8375,CHICO
1252097160201383936,Whaley Good Student,"I'm Drew, I study wildlife conservation (whale watching + other ecotourism) through the eyes of the anthropologist; #COVID19 understandably paused all of my fieldwork at the moment so I've had to invent new ways of conducting research!",2020-04-20 04:50:00,['COVID19'],https://twitter.com/anthro_andrew/status/1252097160201383936,#covid19,39.7285,-121.8375,CHICO
1250258789556563969,Josh Rowe,Proud to call @ChicoState Professors Greg and Eric my friends. Keep up the good work guys. #ChicoState #chicostrong #buttestrong #COVID19 https://today.csuchico.edu/3d-ppe/¬†,2020-04-15 03:04:58,"['ChicoState', 'chicostrong', 'buttestrong', 'COVID19']",https://twitter.com/TriDaddyx3/status/1250258789556563969,#covid19,39.7285,-121.8375,CHICO
1250258789556563969,Josh Rowe,Proud to call @ChicoState Professors Greg and Eric my friends. Keep up the good work guys. #ChicoState #chicostrong #buttestrong #COVID19 https://today.csuchico.edu/3d-ppe/¬†,2020-04-15 03:04:58,"['ChicoState', 'chicostrong', 'buttestrong', 'COVID19']",https://twitter.com/TriDaddyx3/status/1250258789556563969,#covid19,39.7285,-121.8375,CHICO
1251290151151521792,Aaron D.,"At that rate, #COVID19 testing in America will be complete by...

wait for it...

and wait some more...

October 2027.

 https://twitter.com/atrupar/status/1251282609960816644¬†‚Ä¶",2020-04-17 23:23:14,['COVID19'],https://twitter.com/InsideEvil/status/1251290151151521792,#covid19,39.7285,-121.8375,CHICO
1250979821364142080,Patrica Hopper,"Periwinkle Skies...
.
.
.
#HopperHalfAcre #paradiseca #paradisecity #mountainlife #camfiresurvivor #campfire2018 #covid #covid19 #coronavirus #coronavirus2020 #quarantine #quarintinelife #quarintinelife2020 @ Town‚Ä¶ https://www.instagram.com/p/B_ENnp0ghJE/?igshid=1ibd1s8r66so9¬†‚Ä¶",2020-04-17 02:50:06,"['HopperHalfAcre', 'paradiseca', 'paradisecity', 'mountainlife', 'camfiresurvivor', 'campfire2018', 'covid', 'covid19', 'coronavirus', 'coronavirus2020', 'quarantine', 'quarintinelife', 'quarintinelife2020']",https://twitter.com/tricalee3/status/1250979821364142080,#covid19,39.7285,-121.8375,CHICO
1251290151151521792,Aaron D.,"At that rate, #COVID19 testing in America will be complete by...

wait for it...

and wait some more...

October 2027.

 https://twitter.com/atrupar/status/1251282609960816644¬†‚Ä¶",2020-04-17 23:23:14,['COVID19'],https://twitter.com/InsideEvil/status/1251290151151521792,#covid19,39.7285,-121.8375,CHICO
1250979821364142080,Patrica Hopper,"Periwinkle Skies...
.
.
.
#HopperHalfAcre #paradiseca #paradisecity #mountainlife #camfiresurvivor #campfire2018 #covid #covid19 #coronavirus #coronavirus2020 #quarantine #quarintinelife #quarintinelife2020 @ Town‚Ä¶ https://www.instagram.com/p/B_ENnp0ghJE/?igshid=1ibd1s8r66so9¬†‚Ä¶",2020-04-17 02:50:06,"['HopperHalfAcre', 'paradiseca', 'paradisecity', 'mountainlife', 'camfiresurvivor', 'campfire2018', 'covid', 'covid19', 'coronavirus', 'coronavirus2020', 'quarantine', 'quarintinelife', 'quarintinelife2020']",https://twitter.com/tricalee3/status/1250979821364142080,#covid19,39.7285,-121.8375,CHICO
1253792577452564485,Josh Rowe,12 gallons of gas for under $24.00 in California! I know gas can be found more cheaply in other parts of the country but this is super cheap for California. #cheapgas #covid19 #costco #california #californiagaspricespic.twitter.com/viKuGOIr0R,2020-04-24 21:06:59,"['cheapgas', 'covid19', 'costco', 'california', 'californiagaspricespic']",https://twitter.com/TriDaddyx3/status/1253792577452564485,#covid19,39.7285,-121.8375,CHICO
1253759696059527168,"Harry Lomas IV, MD",#COVID19 #medtwitterpic.twitter.com/l8zBgmatJT,2020-04-24 18:56:19,"['COVID19', 'medtwitterpic']",https://twitter.com/HLomas4/status/1253759696059527168,#covid19,39.7285,-121.8375,CHICO
1253754280994942976,"Harry Lomas IV, MD",#COVID19 #medtwitterpic.twitter.com/qLX7iWaj0a,2020-04-24 18:34:48,"['COVID19', 'medtwitterpic']",https://twitter.com/HLomas4/status/1253754280994942976,#covid19,39.7285,-121.8375,CHICO
1253792577452564485,Josh Rowe,12 gallons of gas for under $24.00 in California! I know gas can be found more cheaply in other parts of the country but this is super cheap for California. #cheapgas #covid19 #costco #california #californiagaspricespic.twitter.com/viKuGOIr0R,2020-04-24 21:06:59,"['cheapgas', 'covid19', 'costco', 'california', 'californiagaspricespic']",https://twitter.com/TriDaddyx3/status/1253792577452564485,#covid19,39.7285,-121.8375,CHICO
1253759696059527168,"Harry Lomas IV, MD",#COVID19 #medtwitterpic.twitter.com/l8zBgmatJT,2020-04-24 18:56:19,"['COVID19', 'medtwitterpic']",https://twitter.com/HLomas4/status/1253759696059527168,#covid19,39.7285,-121.8375,CHICO
1253754280994942976,"Harry Lomas IV, MD",#COVID19 #medtwitterpic.twitter.com/qLX7iWaj0a,2020-04-24 18:34:48,"['COVID19', 'medtwitterpic']",https://twitter.com/HLomas4/status/1253754280994942976,#covid19,39.7285,-121.8375,CHICO
